id,x,y,courseID,mod_type,order,stds,count,chapterModLabel,In-Degree,Out-Degree,Degree
b613861cecf84ffcab01afb23f660475,-882.02423f,2054.1257f,MITxPRO+LASERxB1+1T2019,problem,1,241,1610,Week 0: Get Started (40 min),22,23,45
e2911e79efc2420eac45d9f671463d4b,-758.68823f,2250.8474f,MITxPRO+LASERxB1+1T2019,problem,2,241,1686,Week 0: Get Started (40 min),23,21,44
519d1b8c59404d67b54e96c5c8a830b2,-902.5562f,2516.3157f,MITxPRO+LASERxB1+1T2019,problem,3,241,592,Week 0: Get Started (40 min),5,7,12
531db53f81f646edb0cdcfe0085b03b7,-943.9201f,2620.5632f,MITxPRO+LASERxB1+1T2019,problem,4,241,566,Week 0: Get Started (40 min),5,5,10
4f5f94b2f95141e0a9d53a61da2276da,-963.7683f,2726.7637f,MITxPRO+LASERxB1+1T2019,problem,5,241,571,Week 0: Get Started (40 min),5,8,13
6d541c89590949f99af293c4f2333f67,-938.30414f,2832.7026f,MITxPRO+LASERxB1+1T2019,problem,6,241,546,Week 0: Get Started (40 min),5,7,12
dd5cf0b9fe4c4f1d8f5ff8e4c04879cb,-854.4911f,2909.4714f,MITxPRO+LASERxB1+1T2019,problem,7,241,615,Week 0: Get Started (40 min),8,8,16
f96261861edc426abe2248be4f0a709a,-735.36957f,2890.4758f,MITxPRO+LASERxB1+1T2019,problem,8,241,608,Week 0: Get Started (40 min),8,6,14
66b5e16f4f75454fb5b8172079f0fa83,-662.53107f,2803.362f,MITxPRO+LASERxB1+1T2019,problem,9,241,601,Week 0: Get Started (40 min),6,6,12
0680571d4698477995e41842c36a54b2,-636.71423f,2694.941f,MITxPRO+LASERxB1+1T2019,problem,10,241,597,Week 0: Get Started (40 min),5,6,11
9112f2bffece48e08c6d2287be204085,-636.78925f,2572.013f,MITxPRO+LASERxB1+1T2019,problem,11,241,625,Week 0: Get Started (40 min),8,7,15
56586aa865414f538729c7f7735d2bc6,-530.782f,2068.7922f,MITxPRO+LASERxB1+1T2019,video,12,241,2831,Week 0: Get Started (40 min),30,24,54
b7f2b31585d94eb3bf86376714aa7070,-411.85645f,2177.3916f,MITxPRO+LASERxB1+1T2019,video,13,232,1243,Week 0: Get Started (40 min),7,8,15
3f1c815879794b929260d224becaff7e,-289.77197f,2154.0527f,MITxPRO+LASERxB1+1T2019,html,14,223,421,Week 0: Get Started (40 min),8,13,21
81c864a886d54a6b8ff85f7d736f4f95,-264.0443f,2040.4062f,MITxPRO+LASERxB1+1T2019,video,15,215,319,Week 0: Get Started (40 min),5,6,11
eb2a0eb537344a9e891c761662e400b6,-158.67128f,1910.0199f,MITxPRO+LASERxB1+1T2019,html,16,64,141,Week 0: Get Started (40 min),11,8,19
5c5ceeee4562457ba6d41515aeebfbb1,-342.94745f,1975.0068f,MITxPRO+LASERxB1+1T2019,video,17,226,881,Week 0: Get Started (40 min),9,10,19
9afd71a5298d4333b6849dfce1b9422c,-462.9938f,1661.4784f,MITxPRO+LASERxB1+1T2019,html,18,228,1087,Week 0: Get Started (40 min),20,18,38
daf8890a3c354459b8a962529aceb072,-699.2249f,1571.3026f,MITxPRO+LASERxB1+1T2019,html,19,6,22,Week 0: Get Started (40 min),1,2,3
b7719e26494940efa49512aedd0aac79,-390.83884f,1127.1227f,MITxPRO+LASERxB1+1T2019,html,20,227,1707,Week 0: Get Started (40 min),37,26,63
a49d1bb4328949299686242fd0be5584,-240.51755f,1250.1812f,MITxPRO+LASERxB1+1T2019,html,21,117,429,Week 0: Get Started (40 min),20,7,27
d4c3b003e8274e429d2fa688d73fde6d,-494.42987f,1303.4738f,MITxPRO+LASERxB1+1T2019,video,22,220,1079,Week 0: Get Started (40 min),8,18,26
b3323dfcc2d246d599e1c43b6be7751c,-884.5601f,1250.509f,MITxPRO+LASERxB1+1T2019,html,23,2,6,Week 0: Get Started (40 min),1,0,1
d4f45188d3c84a02ba08454e6403a818,-376.77124f,1319.816f,MITxPRO+LASERxB1+1T2019,lti_consumer,24,222,601,Week 0: Get Started (40 min),6,11,17
a8f52a1637e44afd96e621bf9efb473f,-879.8314f,50.034958f,MITxPRO+LASERxB1+1T2019,html,25,1,1,Week 0: Get Started (40 min),0,0,0
5bc03c8f16354d04bd51f5bb93559ad3,-493.14594f,1423.5538f,MITxPRO+LASERxB1+1T2019,lti_consumer,26,50,57,Week 0: Get Started (40 min),2,2,4
a23ae40d7a9e4ee4828cc06415a3218c,29.82773f,760.49097f,MITxPRO+LASERxB1+1T2019,html,27,17,42,Week 0: Get Started (40 min),5,3,8
afbf7250b99d47bea07172749483ca97,-359.86566f,937.4222f,MITxPRO+LASERxB1+1T2019,html,28,226,879,Week 0: Get Started (40 min),9,13,22
4e51676dc72045d99c19b9fa7b22f8bc,-355.377f,754.9117f,MITxPRO+LASERxB1+1T2019,html,29,223,1133,Week 0: Get Started (40 min),12,11,23
78ff5a07ecb5453ca82361aabca7c5ba,940.52094f,-836.07135f,MITxPRO+LASERxB1+1T2019,html,30,0,0,Week 0: Get Started (40 min),0,0,0
51970cfa30e643e894e66ae85c8024cc,-310.136f,666.89703f,MITxPRO+LASERxB1+1T2019,html,31,223,337,Week 0: Get Started (40 min),3,4,7
c9c52446b6294aa5a9c2abaed536c37e,-526.22876f,755.1157f,MITxPRO+LASERxB1+1T2019,html,32,37,51,Week 0: Get Started (40 min),6,4,10
0c253dd0ca8e4fc3893a27d753757ef5,-454.7823f,1017.62665f,MITxPRO+LASERxB1+1T2019,html,33,0,0,Week 0: Get Started (40 min),0,0,0
c33c17be71ae4d588da7369472e5bb1b,-406.7097f,565.7859f,MITxPRO+LASERxB1+1T2019,html,34,224,824,Week 0: Get Started (40 min),19,17,36
93679be414554a11b1893002f2229a93,-534.9566f,524.1879f,MITxPRO+LASERxB1+1T2019,html,35,222,724,Week 0: Get Started (40 min),7,7,14
7040a13096d746ac84b8fac8d9752058,-647.9163f,513.15f,MITxPRO+LASERxB1+1T2019,html,36,223,719,Week 0: Get Started (40 min),8,8,16
9a0dc646f934470daf08c4b56ccf73db,-760.65265f,529.37463f,MITxPRO+LASERxB1+1T2019,html,37,222,739,Week 0: Get Started (40 min),7,8,15
fc0e049d56024bc9a02c9a9c435c3df7,-889.0196f,563.16693f,MITxPRO+LASERxB1+1T2019,html,38,222,873,Week 0: Get Started (40 min),14,16,30
67a089198fcb4e1c8f2385786c2b296f,-1344.4308f,615.0425f,MITxPRO+LASERxB1+1T2019,html,39,235,1956,Week 1: Strategy (2.5 hrs),77,54,131
64d48c6c9c7940639a932219a6c87198,-1236.0428f,831.5842f,MITxPRO+LASERxB1+1T2019,video,40,231,1320,Week 1: Strategy (2.5 hrs),3,36,39
b534b89233134e30a9b5645138bfa9ee,-1702.3512f,1316.9302f,MITxPRO+LASERxB1+1T2019,html,41,230,1648,Week 1: Strategy (2.5 hrs),39,29,68
fc5d3a81023c41d8ab70b19d4c5c50eb,-1857.6392f,1688.6023f,MITxPRO+LASERxB1+1T2019,html,42,3,3,Week 1: Strategy (2.5 hrs),1,1,2
296fbfa7fce5408484f55d759d80d7b7,-1163.4855f,1381.4379f,MITxPRO+LASERxB1+1T2019,html,43,1,4,Week 1: Strategy (2.5 hrs),0,1,1
0e37b720d23b4e7f8b313e79313fd107,-1493.5278f,1223.4491f,MITxPRO+LASERxB1+1T2019,problem,44,228,613,Week 1: Strategy (2.5 hrs),6,3,9
6875d67fdd5f48168b62719df449bebd,-1506.9172f,1317.0549f,MITxPRO+LASERxB1+1T2019,problem,45,228,547,Week 1: Strategy (2.5 hrs),4,4,8
d9c8d8c444a64dadbbb508652c721e17,-1568.3347f,1813.6472f,MITxPRO+LASERxB1+1T2019,html,46,227,555,Week 1: Strategy (2.5 hrs),17,12,29
6e13d61a7bdb44bca949c9f86fab3be5,-1621.8794f,1535.1986f,MITxPRO+LASERxB1+1T2019,video,47,228,1358,Week 1: Strategy (2.5 hrs),14,16,30
7ddaf94446db4e3d8f70d0ed3883700d,-393.51212f,-1064.7415f,MITxPRO+LASERxB1+1T2019,html,48,0,0,Week 1: Strategy (2.5 hrs),0,0,0
195f78799f984cc2b06c48dfe36be751,-1580.308f,1678.87f,MITxPRO+LASERxB1+1T2019,problem,49,224,806,Week 1: Strategy (2.5 hrs),4,4,8
f924752d8a1149668870b1e7698486f7,-1728.9265f,2292.8818f,MITxPRO+LASERxB1+1T2019,html,50,226,493,Week 1: Strategy (2.5 hrs),15,13,28
d0c74f735e024943943e40333d6d337f,-1571.8699f,1965.6831f,MITxPRO+LASERxB1+1T2019,video,51,228,955,Week 1: Strategy (2.5 hrs),13,17,30
2b160a91c44d44c89ba74b6b07b25629,1099.5453f,-454.47833f,MITxPRO+LASERxB1+1T2019,html,52,0,0,Week 1: Strategy (2.5 hrs),0,0,0
983f8ff320594b279a7f4a6fe132f9c5,-1492.955f,2123.5615f,MITxPRO+LASERxB1+1T2019,problem,53,222,820,Week 1: Strategy (2.5 hrs),5,3,8
35adfa5d923046aebabfefd98f35ff05,-1462.6436f,2238.7554f,MITxPRO+LASERxB1+1T2019,problem,54,222,1184,Week 1: Strategy (2.5 hrs),4,6,10
b6f8a98476224da1b40e555ececc7ed8,-1503.2716f,2346.391f,MITxPRO+LASERxB1+1T2019,problem,55,222,803,Week 1: Strategy (2.5 hrs),3,4,7
86e22cb5fe0e4b47a9489ecddf7ed78f,-1603.4957f,2375.458f,MITxPRO+LASERxB1+1T2019,problem,56,222,731,Week 1: Strategy (2.5 hrs),3,6,9
12aa6e1672ac4e7aa6449a7a8609cd72,-2116.4795f,2144.7341f,MITxPRO+LASERxB1+1T2019,html,57,226,432,Week 1: Strategy (2.5 hrs),11,12,23
a1f2f12debe5432fb7a70bcd12bacfb9,-1880.6107f,2432.7615f,MITxPRO+LASERxB1+1T2019,drag-and-drop-v2,58,228,5241,Week 1: Strategy (2.5 hrs),11,12,23
78f30e4dcac84e3cbea8b2cc6e0d62b3,-1942.2825f,2249.299f,MITxPRO+LASERxB1+1T2019,drag-and-drop-v2,59,228,3306,Week 1: Strategy (2.5 hrs),11,12,23
309ccf3cc4fe429d9bfbaef53d3fa479,-2147.3142f,1767.7023f,MITxPRO+LASERxB1+1T2019,html,60,225,391,Week 1: Strategy (2.5 hrs),10,12,22
4c943503763e4e349906eea3ed3c8e86,-2175.713f,1905.6139f,MITxPRO+LASERxB1+1T2019,problem,61,222,498,Week 1: Strategy (2.5 hrs),3,4,7
bee9f506f4a845b0bc68b6b1caee58a2,574.2684f,352.04904f,MITxPRO+LASERxB1+1T2019,html,62,0,0,Week 1: Strategy (2.5 hrs),0,0,0
bc42d26810654ea9a1df1efe1e58c7d5,-2096.5308f,1996.4136f,MITxPRO+LASERxB1+1T2019,survey,63,227,1260,Week 1: Strategy (2.5 hrs),10,14,24
a0a418b8540d479fa6e0f653b701da8b,-2233.1804f,2025.8232f,MITxPRO+LASERxB1+1T2019,survey,64,227,1211,Week 1: Strategy (2.5 hrs),12,12,24
7af822066add4e7f8e007e4eee31a8bf,-1988.336f,1705.4803f,MITxPRO+LASERxB1+1T2019,html,65,47,78,Week 1: Strategy (2.5 hrs),6,6,12
0c9dea3b3a84482fbc9ce8487ef5ae94,-461.78482f,975.55457f,MITxPRO+LASERxB1+1T2019,html,66,0,0,Week 1: Strategy (2.5 hrs),0,0,0
d646286c8051419bbc2e31dd1db55ca8,-2199.85f,1017.7771f,MITxPRO+LASERxB1+1T2019,html,67,224,1509,Week 1: Strategy (2.5 hrs),40,27,67
5ae019b6b8404464a9b33b495b971f1d,254.88158f,215.65681f,MITxPRO+LASERxB1+1T2019,html,68,0,0,Week 1: Strategy (2.5 hrs),0,0,0
b78502985aa44be295c7f910dbf6d461,-1229.0734f,-472.09467f,MITxPRO+LASERxB1+1T2019,html,69,1,2,Week 1: Strategy (2.5 hrs),0,0,0
12c07ec131f6403eaff4fe6e306f3630,125.90709f,174.69656f,MITxPRO+LASERxB1+1T2019,html,70,0,0,Week 1: Strategy (2.5 hrs),0,0,0
267f883678b24aed855fde42524975d9,-2346.1875f,1028.8207f,MITxPRO+LASERxB1+1T2019,problem,71,221,511,Week 1: Strategy (2.5 hrs),4,1,5
88fff56d0342490dbef9040750a20f6c,-2397.8296f,1091.7809f,MITxPRO+LASERxB1+1T2019,problem,72,221,479,Week 1: Strategy (2.5 hrs),2,2,4
adb17b12b66c4a49a85fd34322f7df70,-2334.0571f,1139.9713f,MITxPRO+LASERxB1+1T2019,problem,73,221,476,Week 1: Strategy (2.5 hrs),1,3,4
140d5b27b8574befad82c0a013b59dfa,-2701.6414f,1109.811f,MITxPRO+LASERxB1+1T2019,html,74,222,408,Week 1: Strategy (2.5 hrs),11,7,18
a2becd407db34b189200a32546d9d569,-2435.7585f,1228.5718f,MITxPRO+LASERxB1+1T2019,video,75,221,1175,Week 1: Strategy (2.5 hrs),12,13,25
190fc0dbe34c41668fe10597f5802ed4,-1215.4374f,-564.4239f,MITxPRO+LASERxB1+1T2019,html,76,1,2,Week 1: Strategy (2.5 hrs),0,0,0
58c22b011d0f4c2ea6d13615edbb9eeb,-2575.0015f,1321.5616f,MITxPRO+LASERxB1+1T2019,problem,77,221,1191,Week 1: Strategy (2.5 hrs),4,4,8
dd76e1861dc9461c830888729d091ee0,-2689.5078f,1372.6049f,MITxPRO+LASERxB1+1T2019,problem,78,221,1465,Week 1: Strategy (2.5 hrs),3,4,7
cd1d828f1a694b87913a7ea66c23803e,-2809.0105f,1375.3275f,MITxPRO+LASERxB1+1T2019,problem,79,221,826,Week 1: Strategy (2.5 hrs),4,5,9
9176a3c2b4d2465fa8b0c67096c2a97e,-2886.5457f,1277.8954f,MITxPRO+LASERxB1+1T2019,problem,80,219,1810,Week 1: Strategy (2.5 hrs),4,4,8
f8ec6445f7194e25b9101d4fbcb07a18,-2813.8513f,1177.7775f,MITxPRO+LASERxB1+1T2019,problem,81,219,759,Week 1: Strategy (2.5 hrs),4,5,9
d18a9ea32855445f8736581f5cb119ce,-2672.947f,993.60547f,MITxPRO+LASERxB1+1T2019,html,82,219,413,Week 1: Strategy (2.5 hrs),8,12,20
38376f961ebc414db8f3b8f244f6d5ed,-1167.815f,-628.5986f,MITxPRO+LASERxB1+1T2019,html,83,1,2,Week 1: Strategy (2.5 hrs),0,0,0
ae5ac430ea254e708a6f5deaaf7464ae,-2483.2065f,801.575f,MITxPRO+LASERxB1+1T2019,html,84,222,433,Week 1: Strategy (2.5 hrs),10,10,20
f564483cbd7a407681aa2fcca518cf5f,-2705.1719f,880.7163f,MITxPRO+LASERxB1+1T2019,problem,85,221,926,Week 1: Strategy (2.5 hrs),5,4,9
18fd01350bd5434ca636d59a599d768a,-2619.1782f,783.3771f,MITxPRO+LASERxB1+1T2019,problem,86,221,2017,Week 1: Strategy (2.5 hrs),5,4,9
42fb58708eaf4e5daa82bfca61b6f5fd,-2575.7954f,1569.3362f,MITxPRO+LASERxB1+1T2019,html,87,44,63,Week 1: Strategy (2.5 hrs),7,9,16
c681290961c94c4caf23b529d1ae6b9a,-2299.2847f,696.8638f,MITxPRO+LASERxB1+1T2019,problem,88,218,488,Week 1: Strategy (2.5 hrs),3,3,6
515683b5ec554c5b816324fc98691834,561.99176f,302.3471f,MITxPRO+LASERxB1+1T2019,html,89,0,0,Week 1: Strategy (2.5 hrs),0,0,0
6a9f0ef185fb47f0937e29daa1c71ed5,-2356.809f,792.65045f,MITxPRO+LASERxB1+1T2019,poll,90,222,1599,Week 1: Strategy (2.5 hrs),9,10,19
e20db35ced8544ddac5bc3839145e463,-2431.4124f,25.896494f,MITxPRO+LASERxB1+1T2019,html,91,222,1932,Week 1: Strategy (2.5 hrs),46,32,78
c2a008e1e5ca4287bd8ecea2932360aa,-983.7118f,-923.97565f,MITxPRO+LASERxB1+1T2019,html,92,1,2,Week 1: Strategy (2.5 hrs),0,0,0
231c15562ab8497daeb55e56acf3b35c,-1891.8033f,-48.972626f,MITxPRO+LASERxB1+1T2019,html,93,4,10,Week 1: Strategy (2.5 hrs),2,1,3
1febb706d7a34005ae8711ed49c76e64,-2125.6821f,157.82066f,MITxPRO+LASERxB1+1T2019,problem,94,218,808,Week 1: Strategy (2.5 hrs),4,5,9
8f73ba6f5a0042f2850356ac38ac6f24,-2022.6315f,205.82704f,MITxPRO+LASERxB1+1T2019,problem,95,217,1293,Week 1: Strategy (2.5 hrs),3,3,6
e2260b86653c46d7b14a41fb419dbf8c,-2009.343f,316.17413f,MITxPRO+LASERxB1+1T2019,problem,96,217,714,Week 1: Strategy (2.5 hrs),4,5,9
35eb641ad1d845bbba54915bce75a962,-2106.5137f,370.65744f,MITxPRO+LASERxB1+1T2019,problem,97,216,1097,Week 1: Strategy (2.5 hrs),5,3,8
08be90ffbeea4795a138cd42ed8db56f,-2224.4783f,350.80508f,MITxPRO+LASERxB1+1T2019,problem,98,218,1252,Week 1: Strategy (2.5 hrs),3,4,7
3007433c8f584dcbb5ac159c1c5f2be3,-2330.5789f,289.5136f,MITxPRO+LASERxB1+1T2019,problem,99,217,1143,Week 1: Strategy (2.5 hrs),5,4,9
73039f8c1eb9409cb4caee2cf968001e,-3030.3147f,67.11418f,MITxPRO+LASERxB1+1T2019,html,100,221,518,Week 1: Strategy (2.5 hrs),13,14,27
00ae5f0c51874a73a41ebea838d95682,-2638.2598f,173.38539f,MITxPRO+LASERxB1+1T2019,video,101,220,1165,Week 1: Strategy (2.5 hrs),16,16,32
b38af1a65bd14ea886d608e701505bcf,-1798.3878f,82.294556f,MITxPRO+LASERxB1+1T2019,html,102,3,6,Week 1: Strategy (2.5 hrs),1,1,2
d391c8b6e56a43a7b654e9dee02d904b,-2797.872f,248.95619f,MITxPRO+LASERxB1+1T2019,drag-and-drop-v2,103,221,4639,Week 1: Strategy (2.5 hrs),13,14,27
6111116566fc4fd9abba409322bea245,-2967.2808f,350.99268f,MITxPRO+LASERxB1+1T2019,problem,104,216,752,Week 1: Strategy (2.5 hrs),4,5,9
a81b2235cb9c499eb9ea8ee0a8dd9725,-3077.5723f,370.32953f,MITxPRO+LASERxB1+1T2019,problem,105,216,951,Week 1: Strategy (2.5 hrs),4,4,8
2d4e0ab0ef3b4d73b82c72d4621a7579,-3164.438f,302.9743f,MITxPRO+LASERxB1+1T2019,problem,106,217,705,Week 1: Strategy (2.5 hrs),5,4,9
8bdebf492ebd4e62b0d522e8ab5e5197,-3162.4448f,193.54776f,MITxPRO+LASERxB1+1T2019,problem,107,217,794,Week 1: Strategy (2.5 hrs),5,5,10
08111f75e22d409998cf8b85bd431f0a,-2982.1729f,-236.63359f,MITxPRO+LASERxB1+1T2019,html,108,221,496,Week 1: Strategy (2.5 hrs),10,11,21
4280927ec4d643238aa49c32f9e06c6c,-3038.7788f,-60.280376f,MITxPRO+LASERxB1+1T2019,video,109,220,895,Week 1: Strategy (2.5 hrs),11,11,22
6e1c7c431db64442b1a7ca15b87a61bd,-983.3317f,-953.349f,MITxPRO+LASERxB1+1T2019,html,110,1,2,Week 1: Strategy (2.5 hrs),0,0,0
fc44e6a5f7654430af1227838224dceb,-3078.9644f,-175.07878f,MITxPRO+LASERxB1+1T2019,problem,111,215,940,Week 1: Strategy (2.5 hrs),2,4,6
37319e88176d4aefa91d7a9980dbae91,-2692.4863f,-412.45627f,MITxPRO+LASERxB1+1T2019,html,112,218,492,Week 1: Strategy (2.5 hrs),11,13,24
9f83d4de28e64c5b81825f4e58892ac7,-333.2366f,-1065.525f,MITxPRO+LASERxB1+1T2019,html,113,0,0,Week 1: Strategy (2.5 hrs),0,0,0
a9ae0a3c070d455bb4369a8996313336,-2882.5308f,-316.9883f,MITxPRO+LASERxB1+1T2019,video,114,218,1034,Week 1: Strategy (2.5 hrs),11,13,24
f3c44bf91f85487caa6400dfe774e63b,-753.25867f,-1135.4569f,MITxPRO+LASERxB1+1T2019,html,115,1,2,Week 1: Strategy (2.5 hrs),0,0,0
71cec822bcff4f30a20e75dc63ef7b65,-2824.5293f,-441.4453f,MITxPRO+LASERxB1+1T2019,problem,116,217,749,Week 1: Strategy (2.5 hrs),6,4,10
3ec3a3563847406fa73338f9e9999cf3,-2678.8928f,-208.13408f,MITxPRO+LASERxB1+1T2019,html,117,82,152,Week 1: Strategy (2.5 hrs),8,10,18
b1cd0e7dc3ad4a8eb91a4bfdbeb025b0,-2540.0815f,-481.3472f,MITxPRO+LASERxB1+1T2019,problem,118,214,498,Week 1: Strategy (2.5 hrs),4,4,8
1b532c6a5d0c48ba8cfa09591141b4df,-710.5741f,-1140.3413f,MITxPRO+LASERxB1+1T2019,html,119,2,4,Week 1: Strategy (2.5 hrs),0,0,0
62bff51286ef4f348717a3cf6fe2318f,-2547.337f,-355.3316f,MITxPRO+LASERxB1+1T2019,poll,120,220,1673,Week 1: Strategy (2.5 hrs),15,17,32
779f9ddd1fd14d1e9e69f72219a1fdbd,-2269.8086f,-738.81647f,MITxPRO+LASERxB1+1T2019,html,121,219,1374,Week 1: Strategy (2.5 hrs),24,22,46
b37e701092c444e8a0009767edc5f622,-1860.0494f,-385.35895f,MITxPRO+LASERxB1+1T2019,html,122,4,6,Week 1: Strategy (2.5 hrs),1,2,3
bd7c391260c74863ad031cabd6ae5cbb,-2145.7969f,-650.9161f,MITxPRO+LASERxB1+1T2019,html,123,2,5,Week 1: Strategy (2.5 hrs),0,1,1
386a0044b3b843cc96cfd11f7f889fda,-464.243f,-1161.9536f,MITxPRO+LASERxB1+1T2019,html,124,1,2,Week 1: Strategy (2.5 hrs),0,0,0
ae26e6cda8ad4a3f81bd347560d9579f,-2121.793f,-577.9599f,MITxPRO+LASERxB1+1T2019,problem,125,212,632,Week 1: Strategy (2.5 hrs),6,2,8
ee48df95832b4374aa273ceb27ec1315,-2079.3835f,-653.5204f,MITxPRO+LASERxB1+1T2019,problem,126,211,485,Week 1: Strategy (2.5 hrs),1,2,3
7a439da90b394756ad1777fc4c6dead5,-2117.8953f,-724.7243f,MITxPRO+LASERxB1+1T2019,problem,127,212,494,Week 1: Strategy (2.5 hrs),3,2,5
579338175e0b4bbb8ef3b712b5d8b54e,-2589.5962f,-1045.1682f,MITxPRO+LASERxB1+1T2019,html,128,216,360,Week 1: Strategy (2.5 hrs),8,8,16
a8dd5213034441ac92724b4e83eb0bb2,-2316.1636f,-900.557f,MITxPRO+LASERxB1+1T2019,video,129,217,801,Week 1: Strategy (2.5 hrs),9,11,20
1e7836a9d0494f13b156aa0cc1135796,-5.0657973f,289.14688f,MITxPRO+LASERxB1+1T2019,html,130,0,0,Week 1: Strategy (2.5 hrs),0,0,0
8115eab6556b45f5b415c3b8c26a12e5,-2369.729f,-1022.5579f,MITxPRO+LASERxB1+1T2019,problem,131,211,817,Week 1: Strategy (2.5 hrs),3,3,6
ec34b06efd844b46a4c4818ecdb9b8f4,-2430.7957f,-1113.2966f,MITxPRO+LASERxB1+1T2019,problem,132,211,931,Week 1: Strategy (2.5 hrs),4,5,9
c2e1c2b9eac64109b343a088584b576b,-2536.51f,-1130.7689f,MITxPRO+LASERxB1+1T2019,problem,133,210,725,Week 1: Strategy (2.5 hrs),3,4,7
b416d47c56a742199b5d7c7f19d6503a,-2551.2952f,-912.53033f,MITxPRO+LASERxB1+1T2019,html,134,216,358,Week 1: Strategy (2.5 hrs),6,9,15
8bc5795d6a984a3eace4e2811e52dd4f,-2630.7646f,-961.5619f,MITxPRO+LASERxB1+1T2019,problem,135,213,579,Week 1: Strategy (2.5 hrs),4,2,6
f661500307d74c908e9207d949ceb4aa,-2688.5457f,-1255.6095f,MITxPRO+LASERxB1+1T2019,html,136,41,68,Week 1: Strategy (2.5 hrs),7,5,12
cd4532ad48034873ba8bce2aac0c9808,-2463.9287f,-859.0497f,MITxPRO+LASERxB1+1T2019,problem,137,213,506,Week 1: Strategy (2.5 hrs),5,3,8
e449fc6047844f2eb8caee5c269d5c1c,-2812.2776f,-1479.9513f,MITxPRO+LASERxB1+1T2019,html,138,2,4,Week 1: Strategy (2.5 hrs),1,0,1
df1de691dafe4549a18a4398ee9dfaf9,-1879.4365f,-1131.9668f,MITxPRO+LASERxB1+1T2019,html,139,217,1364,Week 1: Strategy (2.5 hrs),29,25,54
e9312892f6234d46afcb2e1369d2d4ed,-1515.2566f,-1429.0823f,MITxPRO+LASERxB1+1T2019,html,140,3,6,Week 1: Strategy (2.5 hrs),1,1,2
7570bc806234456aa66b290fb5c10af2,-179.8258f,-1092.5779f,MITxPRO+LASERxB1+1T2019,html,141,1,2,Week 1: Strategy (2.5 hrs),0,0,0
5fb9ca36a17e4e5aafb629116db68537,-438.96674f,941.9166f,MITxPRO+LASERxB1+1T2019,html,142,0,0,Week 1: Strategy (2.5 hrs),0,0,0
6c5ad271a44743479bfaea29b1db8d02,-2058.2703f,-1078.7494f,MITxPRO+LASERxB1+1T2019,video,143,214,797,Week 1: Strategy (2.5 hrs),9,18,27
83d311bed5374fee83d8d67a7d9d82dc,-2087.668f,-1191.9332f,MITxPRO+LASERxB1+1T2019,problem,144,209,528,Week 1: Strategy (2.5 hrs),4,2,6
402bba41861d43acb52a5abb89e8831e,-2016.1803f,-1250.8175f,MITxPRO+LASERxB1+1T2019,problem,145,210,738,Week 1: Strategy (2.5 hrs),2,4,6
f902b0f41b544d4dbf79664fd233648d,-2140.351f,-1748.2358f,MITxPRO+LASERxB1+1T2019,html,146,214,401,Week 1: Strategy (2.5 hrs),9,11,20
8aae34f5ddbb4052a709b12e6b0d40fa,-2047.3484f,-1397.852f,MITxPRO+LASERxB1+1T2019,video,147,215,921,Week 1: Strategy (2.5 hrs),10,14,24
6cb6ef2fb4224f9f94891094577870fd,-1869.4238f,-2190.7002f,MITxPRO+LASERxB1+1T2019,html,148,4,8,Week 1: Strategy (2.5 hrs),1,1,2
645b3f0249f64f76af2e19eb4d0e55b7,-2168.6719f,-1505.9626f,MITxPRO+LASERxB1+1T2019,problem,149,207,1080,Week 1: Strategy (2.5 hrs),4,4,8
7e7b8db5064d4369805ab370aac5ddfb,-2239.7446f,-1594.5443f,MITxPRO+LASERxB1+1T2019,problem,150,207,874,Week 1: Strategy (2.5 hrs),3,4,7
8956d210ae7f41968fada86d4c979d6a,-2236.0322f,-1697.4539f,MITxPRO+LASERxB1+1T2019,problem,151,207,686,Week 1: Strategy (2.5 hrs),3,4,7
f03480cf4eba413194d7af52fc0e7f28,-1811.0093f,-1680.1323f,MITxPRO+LASERxB1+1T2019,html,152,215,364,Week 1: Strategy (2.5 hrs),10,9,19
ae781e8b775e4ccd93bc800dad5c8376,-2099.0417f,-1855.4757f,MITxPRO+LASERxB1+1T2019,problem,153,213,778,Week 1: Strategy (2.5 hrs),4,2,6
06882a8492d9499aa31555567f575ecb,-2022.4309f,-1912.3844f,MITxPRO+LASERxB1+1T2019,problem,154,213,461,Week 1: Strategy (2.5 hrs),4,4,8
f293c508f409466a8f27ddd7d1e40b20,-1925.5352f,-1886.535f,MITxPRO+LASERxB1+1T2019,problem,155,213,1030,Week 1: Strategy (2.5 hrs),3,3,6
cc4ddef5bbbe48ebb605141b347c4ed1,-1860.7067f,-1806.1512f,MITxPRO+LASERxB1+1T2019,problem,156,213,692,Week 1: Strategy (2.5 hrs),3,2,5
f4ce60b4a944484082ccb701b48b3da1,-1960.9465f,-1711.255f,MITxPRO+LASERxB1+1T2019,html,157,34,58,Week 1: Strategy (2.5 hrs),6,8,14
d313cec988a84645bee413e8d4724a4b,-1784.2783f,-1556.6188f,MITxPRO+LASERxB1+1T2019,poll,158,216,1462,Week 1: Strategy (2.5 hrs),9,11,20
dc60696c76a74368a60f72246e47700d,-1755.5325f,-1429.5947f,MITxPRO+LASERxB1+1T2019,problem,159,211,486,Week 1: Strategy (2.5 hrs),3,3,6
78adeee1fa2c4fe0bc73f7bca9fcee86,-1257.7241f,-535.79175f,MITxPRO+LASERxB1+1T2019,html,160,216,2217,Week 1: Strategy (2.5 hrs),65,23,88
6fdb4db5d6dd41b296c156e9e31f6ae8,1066.6217f,-655.5809f,MITxPRO+LASERxB1+1T2019,html,161,0,0,Week 1: Strategy (2.5 hrs),0,0,0
f8c6e9dd315640039488619b16128971,-1573.4829f,-23.491999f,MITxPRO+LASERxB1+1T2019,html,162,8,23,Week 1: Strategy (2.5 hrs),3,2,5
8959e6304a0348309a771e4d08d1b64a,-1429.1855f,-261.51663f,MITxPRO+LASERxB1+1T2019,html,163,118,223,Week 1: Strategy (2.5 hrs),12,6,18
65202579580f4ad38d734b4ee39d22a8,-1207.8329f,-304.71982f,MITxPRO+LASERxB1+1T2019,openassessment,164,215,16492,Week 1: Strategy (2.5 hrs),5,29,34
3cbcea2be0984e7dbd5a48195af10ce7,-904.35614f,-469.31757f,MITxPRO+LASERxB1+1T2019,html,165,211,1153,Week 1: Strategy (2.5 hrs),35,6,41
26836bccf4174cc5af819c2e237f9300,-692.7085f,-10.26167f,MITxPRO+LASERxB1+1T2019,html,166,2,10,Week 1: Strategy (2.5 hrs),0,1,1
82e6285962b8400d9d6fc32436022a94,-809.0026f,-367.62894f,MITxPRO+LASERxB1+1T2019,lti_consumer,167,211,685,Week 1: Strategy (2.5 hrs),3,26,29
a9ac840f098c4bd0a2ee896214ce29cd,-702.5477f,-671.3837f,MITxPRO+LASERxB1+1T2019,html,168,208,940,Week 1: Strategy (2.5 hrs),22,18,40
0c7262dff33c4087bc660ccf40f92f9c,-532.0179f,-1344.6451f,MITxPRO+LASERxB1+1T2019,html,169,218,2301,Week 2: Products (2.5 hrs),87,63,150
1202ed221196417faa16c4348aed3971,426.94577f,-146.72783f,MITxPRO+LASERxB1+1T2019,html,170,1,2,Week 2: Products (2.5 hrs),0,0,0
416cdfda278442dd9bcb1046bd1bf0ec,-77.38549f,-1107.0742f,MITxPRO+LASERxB1+1T2019,html,171,3,6,Week 2: Products (2.5 hrs),0,1,1
b2275c3fad834f8d90737a2d9a6927d6,-624.7191f,-1048.9811f,MITxPRO+LASERxB1+1T2019,drag-and-drop-v2,172,216,6907,Week 2: Products (2.5 hrs),8,24,32
eb515a26030b41f8a82a1e6114420bad,-732.38025f,-1185.7568f,MITxPRO+LASERxB1+1T2019,problem,173,208,736,Week 2: Products (2.5 hrs),2,3,5
362fcb0699a14845ab29b2340093e528,-1098.5784f,-1405.9761f,MITxPRO+LASERxB1+1T2019,html,174,209,398,Week 2: Products (2.5 hrs),9,9,18
b42cc17b7de840f181a704558d0bc845,-827.3169f,-1334.9725f,MITxPRO+LASERxB1+1T2019,video,175,208,1031,Week 2: Products (2.5 hrs),10,11,21
93ebcbc0b45f4e73acd412264327a4f7,-491.01404f,994.439f,MITxPRO+LASERxB1+1T2019,html,176,0,0,Week 2: Products (2.5 hrs),0,0,0
801f9e9135034f49bf5f8b4bdefedb41,-974.5904f,-1350.4615f,MITxPRO+LASERxB1+1T2019,problem,177,203,1592,Week 2: Products (2.5 hrs),4,5,9
139b097acfca451689d80c9c6eebdf7b,-1092.9612f,-1671.9719f,MITxPRO+LASERxB1+1T2019,html,178,207,408,Week 2: Products (2.5 hrs),7,10,17
ea38cc0e6e6e41edbabf210220808bf9,-1054.3743f,-1512.0469f,MITxPRO+LASERxB1+1T2019,video,179,206,813,Week 2: Products (2.5 hrs),9,8,17
d9db4a4ebcd8499daa5e84d534b523ac,-294.85635f,-1046.7201f,MITxPRO+LASERxB1+1T2019,html,180,0,0,Week 2: Products (2.5 hrs),0,0,0
b87c552dd247427abe6ab5795b9c9d43,-1176.4226f,-1561.4011f,MITxPRO+LASERxB1+1T2019,drag-and-drop-v2,181,208,2391,Week 2: Products (2.5 hrs),7,9,16
2024b4885bd14338a39b7b509acbbd02,-909.726f,-1753.1285f,MITxPRO+LASERxB1+1T2019,html,182,207,358,Week 2: Products (2.5 hrs),8,12,20
30f660a1feb34582a739722532524f79,-1027.0928f,-1769.5088f,MITxPRO+LASERxB1+1T2019,problem,183,205,1345,Week 2: Products (2.5 hrs),5,3,8
cf4c280bad6a43e6b131d8385ef9ef3f,-629.15643f,-1813.3842f,MITxPRO+LASERxB1+1T2019,html,184,35,59,Week 2: Products (2.5 hrs),5,6,11
c3f63fe50d8e487c86bf8ef76c9cadd3,-796.13556f,-1743.1064f,MITxPRO+LASERxB1+1T2019,problem,185,206,468,Week 2: Products (2.5 hrs),5,3,8
c8e371568a0c4391b25796ae4e91952e,-721.07666f,-2214.3406f,MITxPRO+LASERxB1+1T2019,html,186,206,1398,Week 2: Products (2.5 hrs),27,24,51
2d075b03782c4bef9bed2913b6534e8e,-364.90082f,-1065.3033f,MITxPRO+LASERxB1+1T2019,html,187,0,0,Week 2: Products (2.5 hrs),0,0,0
7d932b23e1c84326ae5aa4d3c0d813d1,-809.17114f,-2118.1887f,MITxPRO+LASERxB1+1T2019,problem,188,201,557,Week 2: Products (2.5 hrs),3,2,5
07b44a7a51e94c78b411c753fc39dab0,-1100.7819f,-2295.387f,MITxPRO+LASERxB1+1T2019,html,189,206,414,Week 2: Products (2.5 hrs),6,8,14
ab11d94c6c8948ea90b88f19d2cd502b,-890.2872f,-2236.1292f,MITxPRO+LASERxB1+1T2019,video,190,203,885,Week 2: Products (2.5 hrs),9,8,17
950c1931570b4fb39512a9540816b913,845.9263f,891.97833f,MITxPRO+LASERxB1+1T2019,html,191,0,0,Week 2: Products (2.5 hrs),0,0,0
f992451ed6ad4e68bb9e68ad6be7c4be,-1001.87726f,-2264.0857f,MITxPRO+LASERxB1+1T2019,problem,192,202,577,Week 2: Products (2.5 hrs),3,4,7
017d7ca8e0394b91aaadc9574df2202c,-1263.0446f,-2527.5005f,MITxPRO+LASERxB1+1T2019,html,193,206,431,Week 2: Products (2.5 hrs),9,13,22
6cd2dcaac46847d4a0bc53f296d90375,-1197.6432f,-2342.871f,MITxPRO+LASERxB1+1T2019,video,194,203,819,Week 2: Products (2.5 hrs),8,11,19
c92c45e0e81148bfab292a3c1a573ca6,-328.43802f,-1023.85205f,MITxPRO+LASERxB1+1T2019,html,195,0,0,Week 2: Products (2.5 hrs),0,0,0
2d2580c9411c4972909db508d6956a58,-1326.5336f,-2330.1865f,MITxPRO+LASERxB1+1T2019,problem,196,202,1030,Week 2: Products (2.5 hrs),4,3,7
5bddb3d9ed264f3984702f048c7e5340,-1401.5564f,-2397.9587f,MITxPRO+LASERxB1+1T2019,problem,197,201,660,Week 2: Products (2.5 hrs),2,2,4
d5e8e2bd12a2466b9d6d90855f0eb079,-1364.2948f,-2482.5527f,MITxPRO+LASERxB1+1T2019,problem,198,202,667,Week 2: Products (2.5 hrs),3,3,6
f9170dd6bc6442b4acd832747609b09a,-1002.9196f,-2608.3533f,MITxPRO+LASERxB1+1T2019,html,199,205,389,Week 2: Products (2.5 hrs),10,10,20
54e8e9f0ea3e45c4bf3b8ac799ee31b1,-1270.5769f,-2620.473f,MITxPRO+LASERxB1+1T2019,problem,200,205,442,Week 2: Products (2.5 hrs),1,2,3
c614a00911be4877a075f19315530fb0,-1257.9928f,-2723.4062f,MITxPRO+LASERxB1+1T2019,problem,201,205,1676,Week 2: Products (2.5 hrs),3,3,6
a6c21bd8b95249c7972820a7a7d76aff,-1149.8867f,-2752.501f,MITxPRO+LASERxB1+1T2019,problem,202,202,455,Week 2: Products (2.5 hrs),5,4,9
bb329d880ab54120adaf203a693bb203,-1071.593f,-2699.18f,MITxPRO+LASERxB1+1T2019,problem,203,202,455,Week 2: Products (2.5 hrs),5,4,9
b54257a550b94ebc9538f3a90eee9d7e,-1485.8102f,-2670.283f,MITxPRO+LASERxB1+1T2019,html,204,50,80,Week 2: Products (2.5 hrs),7,8,15
334c2344009840079b1d0e1b7ce3d5a7,-856.5207f,-2534.229f,MITxPRO+LASERxB1+1T2019,problem,205,203,455,Week 2: Products (2.5 hrs),6,3,9
d7f13c8d63ec4e2aa673fbb9cf9c6933,-190.4726f,-2503.8909f,MITxPRO+LASERxB1+1T2019,html,206,205,1369,Week 2: Products (2.5 hrs),31,21,52
b9e80f77c3a44349863b19875725c384,-356.78882f,-2330.2292f,MITxPRO+LASERxB1+1T2019,drag-and-drop-v2,207,205,4613,Week 2: Products (2.5 hrs),6,8,14
7108f0e4c2584f1f9c471689ae4c885c,-401.40768f,-2504.253f,MITxPRO+LASERxB1+1T2019,drag-and-drop-v2,208,205,3471,Week 2: Products (2.5 hrs),6,10,16
a875096404ef4a9984b62d74cda916f9,-390.01355f,-2946.1296f,MITxPRO+LASERxB1+1T2019,html,209,203,402,Week 2: Products (2.5 hrs),10,10,20
09400e101c5d4b439cf9a26b03aae558,-281.23907f,-2674.456f,MITxPRO+LASERxB1+1T2019,video,210,203,919,Week 2: Products (2.5 hrs),10,11,21
1998bef364384a34ad2306761033cedc,-1130.8115f,-3068.168f,MITxPRO+LASERxB1+1T2019,html,211,1,2,Week 2: Products (2.5 hrs),1,0,1
a88efa7e50ce47159810ab553afa6d3a,-339.09805f,-2808.9033f,MITxPRO+LASERxB1+1T2019,problem,212,201,1394,Week 2: Products (2.5 hrs),4,5,9
ec341f459285443b8361f7f15638ff08,-71.41167f,-3090.9805f,MITxPRO+LASERxB1+1T2019,html,213,202,373,Week 2: Products (2.5 hrs),8,11,19
be502a7a43c44bf7b682698de79d9369,-266.55206f,-2975.2244f,MITxPRO+LASERxB1+1T2019,video,214,202,905,Week 2: Products (2.5 hrs),11,10,21
f7fb1952f56b4189b86a9f8b7862d2b8,-310.2092f,-3120.4902f,MITxPRO+LASERxB1+1T2019,drag-and-drop-v2,215,204,3556,Week 2: Products (2.5 hrs),9,10,19
b860ee85d8bc4a2f97958cfb71be3533,-163.74744f,-3141.8738f,MITxPRO+LASERxB1+1T2019,problem,216,197,790,Week 2: Products (2.5 hrs),2,3,5
01b2051f8941460d89945e3b02d1ce78,71.53928f,-2859.6382f,MITxPRO+LASERxB1+1T2019,html,217,202,371,Week 2: Products (2.5 hrs),8,10,18
363837c182e04711840d896ae1e0339c,58.129574f,-3013.9507f,MITxPRO+LASERxB1+1T2019,drag-and-drop-v2,218,202,3445,Week 2: Products (2.5 hrs),10,8,18
be95c065e45447c1bd8215ea6f130c7a,272.87976f,-3064.2083f,MITxPRO+LASERxB1+1T2019,html,219,49,74,Week 2: Products (2.5 hrs),8,6,14
91125ca626c5470eb145501f8c37f8db,67.68585f,-2740.1572f,MITxPRO+LASERxB1+1T2019,problem,220,198,445,Week 2: Products (2.5 hrs),4,3,7
1c6721b1f63f4d30ba7746ea8af02a52,455.69785f,-2318.5085f,MITxPRO+LASERxB1+1T2019,html,221,202,1462,Week 2: Products (2.5 hrs),34,20,54
77ecef8eff6b4a2caea7707669bf7475,323.6468f,-2441.278f,MITxPRO+LASERxB1+1T2019,drag-and-drop-v2,222,202,3033,Week 2: Products (2.5 hrs),8,9,17
f7906d6f59b9489a91d2ef40db5a474d,840.54987f,-2707.3425f,MITxPRO+LASERxB1+1T2019,html,223,202,422,Week 2: Products (2.5 hrs),8,12,20
d03cb855c70044cf8c35d9ec0de696e3,541.2145f,-2511.4546f,MITxPRO+LASERxB1+1T2019,video,224,200,855,Week 2: Products (2.5 hrs),10,9,19
71aaf76e8b8941088a4073e9032a44b4,-527.66113f,1010.5296f,MITxPRO+LASERxB1+1T2019,html,225,0,0,Week 2: Products (2.5 hrs),0,0,0
a49a937d6896486d9a5396654abcf2e1,532.7735f,-2631.2952f,MITxPRO+LASERxB1+1T2019,problem,226,194,695,Week 2: Products (2.5 hrs),3,4,7
8b9ae98743bd4d4a8a87dff1c1244211,686.5317f,-2591.778f,MITxPRO+LASERxB1+1T2019,drag-and-drop-v2,227,202,5197,Week 2: Products (2.5 hrs),9,11,20
5152833676bf4c6cb317060be10f68db,1231.4012f,-2677.287f,MITxPRO+LASERxB1+1T2019,html,228,201,423,Week 2: Products (2.5 hrs),11,17,28
2ab1535aac1346ba8801535bf729ef37,960.94244f,-2739.0542f,MITxPRO+LASERxB1+1T2019,video,229,199,993,Week 2: Products (2.5 hrs),13,13,26
779143882c9042b383843beddf87b3fa,1014.64984f,-647.107f,MITxPRO+LASERxB1+1T2019,html,230,1,2,Week 2: Products (2.5 hrs),0,0,0
a4f40fb48a8542c8949bae1f002cd9bc,1055.5496f,-2838.1064f,MITxPRO+LASERxB1+1T2019,problem,231,198,813,Week 2: Products (2.5 hrs),3,4,7
8972c23e32044edb8a78fa1eed4e5947,1151.185f,-2852.8037f,MITxPRO+LASERxB1+1T2019,problem,232,193,564,Week 2: Products (2.5 hrs),2,3,5
92feb4a40f8344d38b6f722e42a53295,1230.5101f,-2804.1936f,MITxPRO+LASERxB1+1T2019,problem,233,194,625,Week 2: Products (2.5 hrs),3,5,8
0b04c8e2f86d48c7aeb7e225819cd32b,1072.6589f,-2367.8877f,MITxPRO+LASERxB1+1T2019,html,234,201,375,Week 2: Products (2.5 hrs),9,12,21
ca3e28f290354c08aefe5b0f769604e6,1374.3582f,-2635.7378f,MITxPRO+LASERxB1+1T2019,problem,235,201,1767,Week 2: Products (2.5 hrs),6,1,7
79a35eea833e4c2c9d22fc53c3c6445c,1458.4901f,-2531.7903f,MITxPRO+LASERxB1+1T2019,problem,236,201,1541,Week 2: Products (2.5 hrs),3,4,7
8f68228b1518449e9615cdafee41a2bd,1417.5256f,-2427.563f,MITxPRO+LASERxB1+1T2019,problem,237,199,437,Week 2: Products (2.5 hrs),4,5,9
cab89fa5c3ed45a5aa550fc0352d6a42,1322.0157f,-2378.2568f,MITxPRO+LASERxB1+1T2019,problem,238,201,794,Week 2: Products (2.5 hrs),4,7,11
66d4fad4f1cf4b46be0750a99ad7a35a,1204.0012f,-2372.1035f,MITxPRO+LASERxB1+1T2019,problem,239,198,427,Week 2: Products (2.5 hrs),6,1,7
64dbedb3ce544f6aae8e10e0cf10f16d,979.6233f,-2211.2454f,MITxPRO+LASERxB1+1T2019,html,240,48,81,Week 2: Products (2.5 hrs),9,8,17
f53da5fd9bfe412da4b80d4742563b6c,750.0634f,-2225.483f,MITxPRO+LASERxB1+1T2019,problem,241,196,457,Week 2: Products (2.5 hrs),6,4,10
2ae94c0cea4d480a9d5dca8fb1d7b542,431.31583f,-1444.3524f,MITxPRO+LASERxB1+1T2019,html,242,200,1610,Week 2: Products (2.5 hrs),40,27,67
b48100e167b24c7782f6f5ba968c9fdb,69.4688f,-1113.0627f,MITxPRO+LASERxB1+1T2019,html,243,2,4,Week 2: Products (2.5 hrs),1,1,2
ba660431f382464f9801f95858171daa,-547.2829f,-249.34705f,MITxPRO+LASERxB1+1T2019,html,244,0,0,Week 2: Products (2.5 hrs),0,0,0
1ebf23f9d994469a85206e4c7b1bf5f5,328.3129f,-1673.1993f,MITxPRO+LASERxB1+1T2019,drag-and-drop-v2,245,200,2877,Week 2: Products (2.5 hrs),11,19,30
85ae675b83e8422da842cfd25596af99,456.8931f,-1617.0259f,MITxPRO+LASERxB1+1T2019,problem,246,189,442,Week 2: Products (2.5 hrs),3,2,5
6e83e23f56544a19b94067c1c558d9c0,801.3904f,-1719.5896f,MITxPRO+LASERxB1+1T2019,html,247,197,463,Week 2: Products (2.5 hrs),13,12,25
cb682a0863c547cdb3eae22ea90cdde7,4.690083f,262.2155f,MITxPRO+LASERxB1+1T2019,html,248,0,0,Week 2: Products (2.5 hrs),0,0,0
8ac16c1e05274e32b10f3e287911426a,-494.65054f,1029.1827f,MITxPRO+LASERxB1+1T2019,html,249,0,0,Week 2: Products (2.5 hrs),0,0,0
30c9ba177afc49a695625d2bdec40207,676.0414f,-1766.4258f,MITxPRO+LASERxB1+1T2019,problem,250,99,391,Week 2: Products (2.5 hrs),3,3,6
d546341988904f069cfa86b21457d9d9,1101.4353f,-1572.0005f,MITxPRO+LASERxB1+1T2019,html,251,198,410,Week 2: Products (2.5 hrs),12,14,26
fa235f0f364d47e4ae1c87f47bf8e6ba,602.16034f,-1578.5707f,MITxPRO+LASERxB1+1T2019,video,252,155,691,Week 2: Products (2.5 hrs),11,8,19
8376e91a1246496385cb17058ce0facb,-332.8416f,762.222f,MITxPRO+LASERxB1+1T2019,html,253,0,0,Week 2: Products (2.5 hrs),0,0,0
79f7845465cc4ed19d8e4f1429541be0,710.60706f,-1624.405f,MITxPRO+LASERxB1+1T2019,problem,254,151,542,Week 2: Products (2.5 hrs),3,3,6
d989ebcfc12a4b669f0100dc1aa14f1e,916.6644f,-1292.8297f,MITxPRO+LASERxB1+1T2019,html,255,198,394,Week 2: Products (2.5 hrs),9,14,23
00f61990949545828dd12f1303d47504,934.56494f,-1727.9756f,MITxPRO+LASERxB1+1T2019,video,256,197,847,Week 2: Products (2.5 hrs),12,17,29
b2389297ba624efebda5a6e711d70572,478.12735f,130.21275f,MITxPRO+LASERxB1+1T2019,html,257,1,1,Week 2: Products (2.5 hrs),0,0,0
ead7bb4b64e247d2ae632ab8a296b091,1080.9988f,-1797.1049f,MITxPRO+LASERxB1+1T2019,problem,258,190,639,Week 2: Products (2.5 hrs),4,4,8
41b0048dde734bb280bac6116baa8e27,1178.1808f,-1774.7069f,MITxPRO+LASERxB1+1T2019,problem,259,192,709,Week 2: Products (2.5 hrs),3,3,6
b41c5a094a604ee0915327da5cc0beb7,1196.5604f,-1674.8429f,MITxPRO+LASERxB1+1T2019,problem,260,191,752,Week 2: Products (2.5 hrs),4,4,8
7aa76d3e993840d8805f097cbdbcd44b,638.1735f,-1126.4402f,MITxPRO+LASERxB1+1T2019,html,261,198,406,Week 2: Products (2.5 hrs),8,15,23
bc35c50e57414592b7d27a7d7c34bc3e,795.2275f,-751.8738f,MITxPRO+LASERxB1+1T2019,html,262,0,0,Week 2: Products (2.5 hrs),0,0,0
3c16bacf5b4b4f8aacff9b2e59e24bca,898.0227f,-833.3854f,MITxPRO+LASERxB1+1T2019,html,263,0,0,Week 2: Products (2.5 hrs),0,0,0
28c171777c52431ab6b925073bd63d46,1106.916f,-1438.2532f,MITxPRO+LASERxB1+1T2019,problem,264,197,1580,Week 2: Products (2.5 hrs),4,3,7
ccf8015cc62548eda46f85490c6b2084,-418.9439f,-1068.2665f,MITxPRO+LASERxB1+1T2019,html,265,0,0,Week 2: Products (2.5 hrs),0,0,0
ac160db940cb49ae8579162b1d52bb5d,1022.974f,-1344.5925f,MITxPRO+LASERxB1+1T2019,problem,266,197,1354,Week 2: Products (2.5 hrs),3,2,5
7028800abe7d4e27b613d1d6cbe26bf7,406.52252f,-1086.9247f,MITxPRO+LASERxB1+1T2019,html,267,61,128,Week 2: Products (2.5 hrs),9,10,19
c6fd49b485cc4874b0bbdd9c6171e09c,847.8758f,-1181.9905f,MITxPRO+LASERxB1+1T2019,problem,268,195,1263,Week 2: Products (2.5 hrs),5,3,8
44240778a97c4af0937817499b75707b,749.9056f,-1128.6359f,MITxPRO+LASERxB1+1T2019,problem,269,197,685,Week 2: Products (2.5 hrs),5,2,7
590fb7d4bca1466bacd357c1a234907c,17.461895f,-1531.5167f,MITxPRO+LASERxB1+1T2019,html,270,8,9,Week 2: Products (2.5 hrs),2,2,4
865a4d3b43374da7944dc7d397f566d9,539.9363f,-1167.3376f,MITxPRO+LASERxB1+1T2019,problem,271,197,445,Week 2: Products (2.5 hrs),4,2,6
0d987bed3ffa4ed0b9a2e62e97b7b30f,295.94217f,-616.5866f,MITxPRO+LASERxB1+1T2019,html,272,200,2186,Week 2: Products (2.5 hrs),52,25,77
10c616d641cd42729083e0a5575fb8ea,-424.75067f,1081.8873f,MITxPRO+LASERxB1+1T2019,html,273,0,0,Week 2: Products (2.5 hrs),0,0,0
ecf5f1a3754c487589496d10a397f977,666.5353f,-598.6017f,MITxPRO+LASERxB1+1T2019,html,274,3,6,Week 2: Products (2.5 hrs),1,1,2
82ae07bc0c9b4570a41799290d1ef399,122.361946f,-553.8258f,MITxPRO+LASERxB1+1T2019,html,275,194,717,Week 2: Products (2.5 hrs),6,7,13
a39da0ce33404aa7aeef29af014da204,967.8409f,75.5507f,MITxPRO+LASERxB1+1T2019,html,276,1,2,Week 2: Products (2.5 hrs),0,0,0
f3c2cd4abb7a4fa8bfb9ebadecb9203d,770.7225f,862.17584f,MITxPRO+LASERxB1+1T2019,html,277,0,0,Week 2: Products (2.5 hrs),0,0,0
4b783ddfe6334f7ba5d08e3f2bf275e4,-448.31393f,1040.6122f,MITxPRO+LASERxB1+1T2019,html,278,0,0,Week 2: Products (2.5 hrs),0,0,0
bc5524e78a8544e2ae2fdc2f3462bbec,0.92989266f,-475.5286f,MITxPRO+LASERxB1+1T2019,html,279,140,364,Week 2: Products (2.5 hrs),11,7,18
bb5a47f5ea01454a8b79455422d3b9da,183.86655f,-378.93707f,MITxPRO+LASERxB1+1T2019,openassessment,280,196,17410,Week 2: Products (2.5 hrs),7,30,37
94cecc3f1e7d484b8e068e79241dfd73,490.9249f,-310.2186f,MITxPRO+LASERxB1+1T2019,html,281,190,842,Week 2: Products (2.5 hrs),19,9,28
d720793a14624748903a1f7f817b7ca6,-325.7919f,1226.8335f,MITxPRO+LASERxB1+1T2019,html,282,0,0,Week 2: Products (2.5 hrs),0,0,0
a37477c4e4c14169ad44b06b493007f6,496.4166f,-185.473f,MITxPRO+LASERxB1+1T2019,lti_consumer,283,190,490,Week 2: Products (2.5 hrs),4,22,26
fab84b4fab5940efb4ea868ef8d09396,835.77515f,-129.44446f,MITxPRO+LASERxB1+1T2019,html,284,186,771,Week 2: Products (2.5 hrs),27,24,51
4a29443515bb404cb8924e1c60a63b73,1505.3463f,-365.47598f,MITxPRO+LASERxB1+1T2019,html,285,198,1876,Week 3: Capability Work (2.5 hrs),65,46,111
572ece25224b40438864a7f65e24a4c9,904.421f,257.46774f,MITxPRO+LASERxB1+1T2019,html,286,1,1,Week 3: Capability Work (2.5 hrs),0,0,0
a44e39b057914e0fb4fa95d0fd6b8060,1029.1981f,246.0426f,MITxPRO+LASERxB1+1T2019,html,287,1,1,Week 3: Capability Work (2.5 hrs),0,0,0
208c9b2796c944db8dacaa96082520ea,1308.1517f,-234.04874f,MITxPRO+LASERxB1+1T2019,video,288,196,897,Week 3: Capability Work (2.5 hrs),8,24,32
6a9a3b5bde4a48daa896fe8c06eca56f,1204.3839f,-510.3127f,MITxPRO+LASERxB1+1T2019,html,289,195,337,Week 3: Capability Work (2.5 hrs),6,8,14
b9fbcb8c33b14f58925572b0b81e8e17,1049.1926f,281.0747f,MITxPRO+LASERxB1+1T2019,html,290,1,2,Week 3: Capability Work (2.5 hrs),0,0,0
7669a956527947d0add87455277e80b4,1299.57f,-486.1856f,MITxPRO+LASERxB1+1T2019,problem,291,194,435,Week 3: Capability Work (2.5 hrs),3,3,6
34a6e49023fc4465bd5ca604330bbd1c,1240.7959f,-801.7984f,MITxPRO+LASERxB1+1T2019,html,292,194,319,Week 3: Capability Work (2.5 hrs),7,10,17
869e967078f04da18dd0b0b9389a7424,1183.9851f,-611.38873f,MITxPRO+LASERxB1+1T2019,video,293,192,804,Week 3: Capability Work (2.5 hrs),9,7,16
430ed830a139406187ccf193f509331a,-284.42905f,-1106.8815f,MITxPRO+LASERxB1+1T2019,html,294,0,0,Week 3: Capability Work (2.5 hrs),0,0,0
51ab6291537748fab90d519aa09889d6,1151.7888f,-732.1923f,MITxPRO+LASERxB1+1T2019,problem,295,187,1412,Week 3: Capability Work (2.5 hrs),3,3,6
21592f2a9e9c4b2f8c66ec5dbcbf6a2b,1306.8306f,-918.64233f,MITxPRO+LASERxB1+1T2019,html,296,193,295,Week 3: Capability Work (2.5 hrs),7,9,16
8c994ada7d934fc1b1b89f3119ffb7a4,-378.81564f,-1037.7784f,MITxPRO+LASERxB1+1T2019,html,297,0,0,Week 3: Capability Work (2.5 hrs),0,0,0
7646a919d7e64fa990bca9b024ff089d,1620.0276f,-852.06f,MITxPRO+LASERxB1+1T2019,html,298,192,341,Week 3: Capability Work (2.5 hrs),9,10,19
ba0e59461bfb4a44b7b1c28a01f8d3b3,1411.8811f,-910.6649f,MITxPRO+LASERxB1+1T2019,video,299,193,736,Week 3: Capability Work (2.5 hrs),11,8,19
c6697655493e4e5aba80361043e386ff,-953.9206f,636.0636f,MITxPRO+LASERxB1+1T2019,html,300,0,0,Week 3: Capability Work (2.5 hrs),0,0,0
0e0b36e731a645e7b1b8a88f5031ca38,1495.7924f,-1001.02014f,MITxPRO+LASERxB1+1T2019,problem,301,189,999,Week 3: Capability Work (2.5 hrs),3,4,7
a66a144637284c21afc6de17fea4bfb8,1591.4143f,-955.7035f,MITxPRO+LASERxB1+1T2019,problem,302,189,688,Week 3: Capability Work (2.5 hrs),3,4,7
2c5bb2cbd0014420ad8c95d40e38efd1,1537.7899f,-713.074f,MITxPRO+LASERxB1+1T2019,html,303,45,75,Week 3: Capability Work (2.5 hrs),6,6,12
e390b575229748ea8aac9364efe2bf00,1701.9401f,-773.1916f,MITxPRO+LASERxB1+1T2019,problem,304,193,407,Week 3: Capability Work (2.5 hrs),4,4,8
3434c10e561d488a914e0f7d71907abd,2115.6836f,-1131.3232f,MITxPRO+LASERxB1+1T2019,html,305,194,1416,Week 3: Capability Work (2.5 hrs),35,27,62
56348f6a70c0486ab1d54c21766d6ae5,-557.3798f,1024.0935f,MITxPRO+LASERxB1+1T2019,html,306,0,0,Week 3: Capability Work (2.5 hrs),0,0,0
53e7e900392747ccad52e711ab0f80d8,1941.909f,-1119.1881f,MITxPRO+LASERxB1+1T2019,video,307,193,909,Week 3: Capability Work (2.5 hrs),8,15,23
141c0df6cd1946539aadd1c9b7068cd4,1975.9467f,-1701.3055f,MITxPRO+LASERxB1+1T2019,html,308,193,371,Week 3: Capability Work (2.5 hrs),10,11,21
130acc2aeb0448fdbb2de63bc5cebe5b,2010.0968f,-1347.7506f,MITxPRO+LASERxB1+1T2019,video,309,193,698,Week 3: Capability Work (2.5 hrs),9,11,20
39869ddb0f894074961f83a3a2139b3f,120.21142f,131.22495f,MITxPRO+LASERxB1+1T2019,html,310,0,0,Week 3: Capability Work (2.5 hrs),0,0,0
9c062b3251034ebe90f5054e2a3b5120,1933.5072f,-1449.8954f,MITxPRO+LASERxB1+1T2019,problem,311,187,688,Week 3: Capability Work (2.5 hrs),3,3,6
ea859f8207e44537889daeaba13ac2e8,1879.045f,-1536.5879f,MITxPRO+LASERxB1+1T2019,problem,312,186,695,Week 3: Capability Work (2.5 hrs),5,4,9
56d94971a7a94257aa330183a8ebd0ea,1895.476f,-1634.3193f,MITxPRO+LASERxB1+1T2019,problem,313,185,620,Week 3: Capability Work (2.5 hrs),3,3,6
0c787d16c9504873b1a4d903cec09948,2093.576f,-1893.8892f,MITxPRO+LASERxB1+1T2019,html,314,193,326,Week 3: Capability Work (2.5 hrs),9,9,18
da2a7bc1998b4d48be46c050a1ac8ff7,340.08032f,199.09395f,MITxPRO+LASERxB1+1T2019,html,315,0,0,Week 3: Capability Work (2.5 hrs),0,0,0
16593e49f7584ef286ebbfc96d4cbfcc,414.7289f,664.77106f,MITxPRO+LASERxB1+1T2019,html,316,1,1,Week 3: Capability Work (2.5 hrs),0,0,0
13255e63e0aa4abf85e5211bf613d43e,2026.6315f,-1803.7358f,MITxPRO+LASERxB1+1T2019,problem,317,191,454,Week 3: Capability Work (2.5 hrs),3,4,7
8d7e0b55cf9849cda222a0f2440cec55,2351.212f,-1821.015f,MITxPRO+LASERxB1+1T2019,html,318,192,354,Week 3: Capability Work (2.5 hrs),9,10,19
86c27d40179e419c8e9d150fb6afa5d0,2204.8533f,-1866.8309f,MITxPRO+LASERxB1+1T2019,video,319,192,697,Week 3: Capability Work (2.5 hrs),11,10,21
b4659dfbe6fc4d06b35fb87a1a148359,1078.5504f,-422.33063f,MITxPRO+LASERxB1+1T2019,html,320,0,0,Week 3: Capability Work (2.5 hrs),0,0,0
053a7bf6d872441097591e7a7a049be5,-385.75446f,921.2346f,MITxPRO+LASERxB1+1T2019,html,321,0,0,Week 3: Capability Work (2.5 hrs),0,0,0
3628bdce1dd2429ba924d2d4d09448d2,2388.2236f,-1546.512f,MITxPRO+LASERxB1+1T2019,html,322,192,349,Week 3: Capability Work (2.5 hrs),8,12,20
24f1363179ad4aaa965484a78471912b,2400.444f,-1699.897f,MITxPRO+LASERxB1+1T2019,video,323,192,731,Week 3: Capability Work (2.5 hrs),8,11,19
7371136bec7e48e7895eedb6138e1ce1,762.3718f,-1016.4721f,MITxPRO+LASERxB1+1T2019,html,324,0,0,Week 3: Capability Work (2.5 hrs),0,0,0
b29c33c1a91e4c4796f5de5feef0e06b,-498.9332f,-226.99377f,MITxPRO+LASERxB1+1T2019,html,325,0,0,Week 3: Capability Work (2.5 hrs),0,0,0
47edbb64109243e6b0f8f64cdef90c6c,2467.5242f,-1797.6123f,MITxPRO+LASERxB1+1T2019,lti_consumer,326,193,400,Week 3: Capability Work (2.5 hrs),11,11,22
43ea1b823a4b4e51b7c694c10725db82,2673.4468f,-1591.7354f,MITxPRO+LASERxB1+1T2019,html,327,51,82,Week 3: Capability Work (2.5 hrs),9,10,19
56b3fd1a212a4764be39d979fde3326e,2340.155f,-1342.1145f,MITxPRO+LASERxB1+1T2019,problem,328,193,418,Week 3: Capability Work (2.5 hrs),4,4,8
0c4079457ede49e3aeb5e86ed84bdf35,2546.4136f,-659.7034f,MITxPRO+LASERxB1+1T2019,html,329,195,1347,Week 3: Capability Work (2.5 hrs),33,25,58
e3d8dd3e10e64c87b04e410b519c4680,1148.0173f,837.0395f,MITxPRO+LASERxB1+1T2019,html,330,1,2,Week 3: Capability Work (2.5 hrs),0,0,0
38aea304b4fa46e1b29bb72f5cea4c93,2360.4265f,-581.7658f,MITxPRO+LASERxB1+1T2019,video,331,195,1162,Week 3: Capability Work (2.5 hrs),10,20,30
c002a3c1652d496eb39622d2602116e4,-489.40076f,958.4645f,MITxPRO+LASERxB1+1T2019,html,332,0,0,Week 3: Capability Work (2.5 hrs),0,0,0
e36d261332f14e79bb4b467aceaeb9b5,2238.5237f,-632.4624f,MITxPRO+LASERxB1+1T2019,problem,333,189,447,Week 3: Capability Work (2.5 hrs),3,4,7
c7e89b9d04744d2eab742fc24e3ef1ae,2233.2512f,-724.2084f,MITxPRO+LASERxB1+1T2019,problem,334,187,756,Week 3: Capability Work (2.5 hrs),2,3,5
fe49f8054b374a0ea4bb266ed135ff62,2312.9036f,-778.14813f,MITxPRO+LASERxB1+1T2019,problem,335,188,683,Week 3: Capability Work (2.5 hrs),3,2,5
d0a8f74af98642fe8360d22c42e45117,2405.5378f,-764.7763f,MITxPRO+LASERxB1+1T2019,problem,336,188,634,Week 3: Capability Work (2.5 hrs),2,3,5
b8b9418ab322418d9db9b40d96af873a,2777.1606f,-865.6926f,MITxPRO+LASERxB1+1T2019,html,337,194,349,Week 3: Capability Work (2.5 hrs),8,11,19
c1d727a16f6d4e499496009622516e42,2671.9092f,-364.60852f,MITxPRO+LASERxB1+1T2019,html,338,2,6,Week 3: Capability Work (2.5 hrs),1,1,2
a7c6339ca1da4368a18d471f0519f877,2692.879f,-791.2696f,MITxPRO+LASERxB1+1T2019,problem,339,194,429,Week 3: Capability Work (2.5 hrs),4,4,8
c2490bc612d146edbe786556fab3651b,2904.2124f,-678.25653f,MITxPRO+LASERxB1+1T2019,html,340,195,381,Week 3: Capability Work (2.5 hrs),9,9,18
bbc5139ca9024389a94db3a6f47dcff6,2891.3645f,-857.03827f,MITxPRO+LASERxB1+1T2019,video,341,193,843,Week 3: Capability Work (2.5 hrs),10,9,19
19893fec4c0d434cbd1f12a347c991a1,-586.30695f,1029.6688f,MITxPRO+LASERxB1+1T2019,html,342,0,0,Week 3: Capability Work (2.5 hrs),0,0,0
4ee6ca9019ab4a1ab323f98094a9bd77,3016.465f,-856.05725f,MITxPRO+LASERxB1+1T2019,problem,343,188,666,Week 3: Capability Work (2.5 hrs),4,3,7
b37947176785476f8b29d49a851366dc,3067.337f,-776.32367f,MITxPRO+LASERxB1+1T2019,problem,344,188,632,Week 3: Capability Work (2.5 hrs),2,3,5
fcea5b10d5a14a3b9324ffece8f6e1e5,3006.9382f,-702.93744f,MITxPRO+LASERxB1+1T2019,problem,345,188,763,Week 3: Capability Work (2.5 hrs),2,3,5
4a92daef4d504e1792575a26502bb7b7,2920.8738f,-1035.9905f,MITxPRO+LASERxB1+1T2019,html,346,61,103,Week 3: Capability Work (2.5 hrs),7,8,15
6ac8bb048b854999a47edb35fe627f11,2804.1992f,-580.8435f,MITxPRO+LASERxB1+1T2019,problem,347,194,426,Week 3: Capability Work (2.5 hrs),5,5,10
30ead9794d4847abaf222ca966cc8630,2539.2974f,97.060616f,MITxPRO+LASERxB1+1T2019,html,348,195,1248,Week 3: Capability Work (2.5 hrs),31,25,56
568fab6c935d4be6925c261344494c53,959.2765f,1096.807f,MITxPRO+LASERxB1+1T2019,html,349,1,2,Week 3: Capability Work (2.5 hrs),0,0,0
658eea055f3b4a25b77736d6ce95d29a,36.497597f,241.65953f,MITxPRO+LASERxB1+1T2019,html,350,0,0,Week 3: Capability Work (2.5 hrs),0,0,0
c20993c944444fe085345591a8bd837e,2854.6006f,-137.73578f,MITxPRO+LASERxB1+1T2019,survey,351,195,1448,Week 3: Capability Work (2.5 hrs),11,10,21
897b7f51242c44aab2205c72fdcbf4cd,2947.7493f,-21.951185f,MITxPRO+LASERxB1+1T2019,poll,352,195,1469,Week 3: Capability Work (2.5 hrs),11,9,20
09b9678ddc3d452ea4a3d46e15826065,2996.0164f,-148.9539f,MITxPRO+LASERxB1+1T2019,poll,353,195,1474,Week 3: Capability Work (2.5 hrs),8,9,17
eff0de7f2dbb42dfa1a2e686efab5b6d,2799.568f,-2.1224926f,MITxPRO+LASERxB1+1T2019,poll,354,195,1477,Week 3: Capability Work (2.5 hrs),11,11,22
1ba8fef685d74a8194b9db252eb704fb,2968.9978f,633.5879f,MITxPRO+LASERxB1+1T2019,html,355,194,401,Week 3: Capability Work (2.5 hrs),17,14,31
82662996e73d4e4c812e65ddf0fc99c1,954.9298f,1137.5433f,MITxPRO+LASERxB1+1T2019,html,356,1,2,Week 3: Capability Work (2.5 hrs),0,0,0
2fe14166dc9642c3bc666b86a57f943d,2796.495f,272.32248f,MITxPRO+LASERxB1+1T2019,video,357,193,1013,Week 3: Capability Work (2.5 hrs),13,19,32
b7e414253181435db7d63b239030934a,837.03973f,-985.82697f,MITxPRO+LASERxB1+1T2019,html,358,0,0,Week 3: Capability Work (2.5 hrs),0,0,0
44421dd1e13a47a388c4a19834b744c7,2999.5608f,341.5791f,MITxPRO+LASERxB1+1T2019,problem,359,190,659,Week 3: Capability Work (2.5 hrs),3,4,7
cb5fc7ef85d547c4be1a7439d0bf6052,3092.6265f,392.97742f,MITxPRO+LASERxB1+1T2019,problem,360,189,751,Week 3: Capability Work (2.5 hrs),3,5,8
0a8f150a4cf747acbde62f4721823da3,3145.207f,483.34747f,MITxPRO+LASERxB1+1T2019,problem,361,188,699,Week 3: Capability Work (2.5 hrs),3,4,7
ab8fdad974ae471f9f24c3f9dd04462e,3109.1816f,577.02704f,MITxPRO+LASERxB1+1T2019,problem,362,186,613,Week 3: Capability Work (2.5 hrs),3,5,8
f00179e251a045b39c3f7a54f9aa4acc,2725.595f,736.67737f,MITxPRO+LASERxB1+1T2019,html,363,193,371,Week 3: Capability Work (2.5 hrs),7,11,18
52580888dadb4fe3baa795683ea227bd,2842.6597f,676.584f,MITxPRO+LASERxB1+1T2019,video,364,194,804,Week 3: Capability Work (2.5 hrs),10,9,19
072a190fd302456290895f9f04d6940a,2539.1343f,614.6182f,MITxPRO+LASERxB1+1T2019,html,365,193,369,Week 3: Capability Work (2.5 hrs),7,15,22
492a3bc6a1254f23a7998587961b22a4,2640.7107f,677.4844f,MITxPRO+LASERxB1+1T2019,video,366,192,669,Week 3: Capability Work (2.5 hrs),7,7,14
c76574d21bc14aeea7ecd0b027f39858,2627.2056f,456.19022f,MITxPRO+LASERxB1+1T2019,html,367,86,143,Week 3: Capability Work (2.5 hrs),14,10,24
4894febf79464162afc4924745282de4,1103.6622f,-419.3434f,MITxPRO+LASERxB1+1T2019,html,368,0,0,Week 3: Capability Work (2.5 hrs),0,0,0
cfa457d1743848e4bb5e4beced6448ed,2408.5754f,414.21198f,MITxPRO+LASERxB1+1T2019,problem,369,191,421,Week 3: Capability Work (2.5 hrs),6,4,10
b71bac264efb4abd97015447bd490db6,1763.8684f,339.22534f,MITxPRO+LASERxB1+1T2019,html,370,194,1776,Week 3: Capability Work (2.5 hrs),40,21,61
0c4193e7b92640a8bed63453172d333b,421.29648f,-717.7469f,MITxPRO+LASERxB1+1T2019,html,371,0,0,Week 3: Capability Work (2.5 hrs),0,0,0
fc0771786a1e405986933843fdfd7eda,2039.8596f,26.021809f,MITxPRO+LASERxB1+1T2019,html,372,3,4,Week 3: Capability Work (2.5 hrs),1,1,2
1b4550d0dab04078b3bf08a655345bdc,1556.0553f,271.60355f,MITxPRO+LASERxB1+1T2019,html,373,98,189,Week 3: Capability Work (2.5 hrs),14,5,19
8d448d625b024c82a5eb240bbd7431d6,1852.9171f,546.1978f,MITxPRO+LASERxB1+1T2019,openassessment,374,191,14380,Week 3: Capability Work (2.5 hrs),8,29,37
d6d02b6ef04e4f17805504500b8ce441,1480.0948f,563.5745f,MITxPRO+LASERxB1+1T2019,lti_consumer,375,180,2075,Week 3: Capability Work (2.5 hrs),33,31,64
66baf19b6b904b70922329068c63746d,1603.0422f,1483.1989f,MITxPRO+LASERxB1+1T2019,html,376,194,1850,Week 4: The Four Principles of Dynamic Work Design (2.5 hrs),68,48,116
a355d80f03d64640b19cd1f1c5ea01fc,774.8795f,632.611f,MITxPRO+LASERxB1+1T2019,html,377,3,6,Week 4: The Four Principles of Dynamic Work Design (2.5 hrs),2,2,4
7f544639412e40a9ba27f43b415362ab,1384.3949f,1316.9094f,MITxPRO+LASERxB1+1T2019,video,378,192,1038,Week 4: The Four Principles of Dynamic Work Design (2.5 hrs),15,28,43
1f80a3186d46467197068c785d785510,-590.4309f,996.56195f,MITxPRO+LASERxB1+1T2019,html,379,0,0,Week 4: The Four Principles of Dynamic Work Design (2.5 hrs),0,0,0
d5ae8642e15b46b8bd298b02274d4e9c,1393.4624f,1156.365f,MITxPRO+LASERxB1+1T2019,problem,380,189,602,Week 4: The Four Principles of Dynamic Work Design (2.5 hrs),3,5,8
a0d10309a2dd456289147f84be9d37f9,1486.8892f,1149.1224f,MITxPRO+LASERxB1+1T2019,problem,381,188,597,Week 4: The Four Principles of Dynamic Work Design (2.5 hrs),2,3,5
0fcbc3ca07b144138b8d85da581f09a8,1545.9612f,1222.1237f,MITxPRO+LASERxB1+1T2019,problem,382,189,781,Week 4: The Four Principles of Dynamic Work Design (2.5 hrs),2,2,4
c2fca3669923477ab966ded303dea31c,2103.312f,1533.593f,MITxPRO+LASERxB1+1T2019,html,383,192,308,Week 4: The Four Principles of Dynamic Work Design (2.5 hrs),6,8,14
da8bc5547a9941a8b30bf4af81f0c9b5,-431.9619f,922.58844f,MITxPRO+LASERxB1+1T2019,html,384,0,0,Week 4: The Four Principles of Dynamic Work Design (2.5 hrs),0,0,0
ea7da9aa77de47aeb8418dc489d62bb4,-1006.8101f,667.4541f,MITxPRO+LASERxB1+1T2019,html,385,0,0,Week 4: The Four Principles of Dynamic Work Design (2.5 hrs),0,0,0
471e8615e87449fda771b9f8dad09342,518.5738f,276.4651f,MITxPRO+LASERxB1+1T2019,html,386,0,0,Week 4: The Four Principles of Dynamic Work Design (2.5 hrs),0,0,0
18d3b836dd804224883cc9180b60a8e1,2328.9275f,1518.9819f,MITxPRO+LASERxB1+1T2019,html,387,192,329,Week 4: The Four Principles of Dynamic Work Design (2.5 hrs),7,10,17
4890121ce5d74576b4632b77cfc23398,2197.5156f,1518.8967f,MITxPRO+LASERxB1+1T2019,video,388,190,604,Week 4: The Four Principles of Dynamic Work Design (2.5 hrs),8,6,14
17f95d18bab743888e1736033dc3384d,2386.7214f,1251.7673f,MITxPRO+LASERxB1+1T2019,html,389,192,353,Week 4: The Four Principles of Dynamic Work Design (2.5 hrs),10,7,17
96bb2b3e85a34d8b9544514e89f6fe97,2397.8035f,1434.495f,MITxPRO+LASERxB1+1T2019,video,390,191,667,Week 4: The Four Principles of Dynamic Work Design (2.5 hrs),9,11,20
f5eff82732574037ba029c9a64474b11,-515.24854f,1049.1007f,MITxPRO+LASERxB1+1T2019,html,391,0,0,Week 4: The Four Principles of Dynamic Work Design (2.5 hrs),0,0,0
ac4e9b54acfe4670b4634859c7263cb5,2464.4968f,1333.2826f,MITxPRO+LASERxB1+1T2019,problem,392,185,511,Week 4: The Four Principles of Dynamic Work Design (2.5 hrs),6,3,9
f7002c8484354eceac57bc7bd62c76c1,2165.9504f,1215.758f,MITxPRO+LASERxB1+1T2019,html,393,193,371,Week 4: The Four Principles of Dynamic Work Design (2.5 hrs),6,12,18
6f8881a745ac4c358a68b92c3b4abe81,2284.0784f,1221.042f,MITxPRO+LASERxB1+1T2019,video,394,191,781,Week 4: The Four Principles of Dynamic Work Design (2.5 hrs),9,8,17
0c12af0a4e7f4002852cf84b2537c161,1988.4989f,1282.4237f,MITxPRO+LASERxB1+1T2019,html,395,193,330,Week 4: The Four Principles of Dynamic Work Design (2.5 hrs),6,10,16
253892f03a3a4708bd40d5e665ed9e21,-853.70447f,-295.71906f,MITxPRO+LASERxB1+1T2019,html,396,0,0,Week 4: The Four Principles of Dynamic Work Design (2.5 hrs),0,0,0
44a277ea44dc4ae689fab4b82f0b4098,2064.444f,1231.4037f,MITxPRO+LASERxB1+1T2019,problem,397,191,419,Week 4: The Four Principles of Dynamic Work Design (2.5 hrs),4,2,6
df8191ec5e584c838a899c378941a566,1897.8138f,1076.3138f,MITxPRO+LASERxB1+1T2019,html,398,37,57,Week 4: The Four Principles of Dynamic Work Design (2.5 hrs),5,6,11
859e0b8d71694b12befb69ee698138f9,1891.7006f,1388.2754f,MITxPRO+LASERxB1+1T2019,problem,399,192,413,Week 4: The Four Principles of Dynamic Work Design (2.5 hrs),5,2,7
2b09a08242b54983aec7063990fb3f66,1743.4769f,2027.0792f,MITxPRO+LASERxB1+1T2019,video,400,193,2217,Week 4: The Four Principles of Dynamic Work Design (2.5 hrs),36,28,64
1f471b7a883a4df48211e8c6a81b59a7,1610.9938f,2007.7246f,MITxPRO+LASERxB1+1T2019,problem,401,189,428,Week 4: The Four Principles of Dynamic Work Design (2.5 hrs),2,3,5
d0d286b8573b47fc807bdca687083cfb,-463.4907f,-1068.2964f,MITxPRO+LASERxB1+1T2019,html,402,0,0,Week 4: The Four Principles of Dynamic Work Design (2.5 hrs),0,0,0
1157bd665ec4472fb58b751dc5099355,2052.3677f,2011.0465f,MITxPRO+LASERxB1+1T2019,html,403,193,315,Week 4: The Four Principles of Dynamic Work Design (2.5 hrs),7,7,14
9de0d567bfa84fe5b77cb76f4a76a5d1,1958.1523f,2006.2231f,MITxPRO+LASERxB1+1T2019,problem,404,190,434,Week 4: The Four Principles of Dynamic Work Design (2.5 hrs),6,1,7
3c8a22d2f9c146ea956609e3ed4f2559,2211.6855f,2024.7146f,MITxPRO+LASERxB1+1T2019,html,405,189,302,Week 4: The Four Principles of Dynamic Work Design (2.5 hrs),7,9,16
58fc9094275e4c49be3f4ba6d4acc0a4,2284.5571f,2115.3984f,MITxPRO+LASERxB1+1T2019,video,406,192,1025,Week 4: The Four Principles of Dynamic Work Design (2.5 hrs),8,12,20
c1c1be90b2b14c1ab4a5e1ee3c241902,2194.552f,2188.079f,MITxPRO+LASERxB1+1T2019,problem,407,184,1173,Week 4: The Four Principles of Dynamic Work Design (2.5 hrs),2,2,4
02b3a1bead9244c1ba2f857c7da8f82a,2320.9768f,2256.907f,MITxPRO+LASERxB1+1T2019,video,408,191,963,Week 4: The Four Principles of Dynamic Work Design (2.5 hrs),10,10,20
6206fc6479014bb193084c32409dc1b9,2429.6719f,2297.789f,MITxPRO+LASERxB1+1T2019,problem,409,185,705,Week 4: The Four Principles of Dynamic Work Design (2.5 hrs),5,4,9
6a5f020451db426dacba9e2ea3fcc62a,2264.5845f,2389.1895f,MITxPRO+LASERxB1+1T2019,video,410,190,938,Week 4: The Four Principles of Dynamic Work Design (2.5 hrs),7,11,18
33a9d248b2e44588a5b07fc1342b9bc2,2148.0093f,2462.8735f,MITxPRO+LASERxB1+1T2019,video,411,191,1075,Week 4: The Four Principles of Dynamic Work Design (2.5 hrs),7,14,21
c6f26bd420634f1cb7989e76fe6b16c0,2031.9229f,2409.2805f,MITxPRO+LASERxB1+1T2019,problem,412,183,1184,Week 4: The Four Principles of Dynamic Work Design (2.5 hrs),3,2,5
2a65ee6e2ac64f6a8a55fbe5373ec763,2116.7756f,2352.1755f,MITxPRO+LASERxB1+1T2019,problem,413,186,628,Week 4: The Four Principles of Dynamic Work Design (2.5 hrs),3,2,5
687055dad9fc40c3982478fe33ec01bf,1876.2086f,2483.7341f,MITxPRO+LASERxB1+1T2019,html,414,191,337,Week 4: The Four Principles of Dynamic Work Design (2.5 hrs),9,9,18
1fd0f6dadbc14ebc965faf6122190b96,1976.9297f,2534.334f,MITxPRO+LASERxB1+1T2019,problem,415,189,419,Week 4: The Four Principles of Dynamic Work Design (2.5 hrs),7,3,10
2add1669f08d4101913db15f8c23b3b7,1766.2434f,2413.6243f,MITxPRO+LASERxB1+1T2019,problem,416,189,474,Week 4: The Four Principles of Dynamic Work Design (2.5 hrs),8,7,15
a2b4bd40cee2481ebd3fc179d6a5cd62,1366.4873f,2417.863f,MITxPRO+LASERxB1+1T2019,html,417,192,1126,Week 4: The Four Principles of Dynamic Work Design (2.5 hrs),26,13,39
4112ff99f0fd4d0fb8f4cbbcb34436d4,1165.3555f,2025.7161f,MITxPRO+LASERxB1+1T2019,html,418,3,7,Week 4: The Four Principles of Dynamic Work Design (2.5 hrs),1,1,2
e34e59dce2204f228f3a84b6725df60f,1392.2112f,2298.2588f,MITxPRO+LASERxB1+1T2019,problem,419,191,405,Week 4: The Four Principles of Dynamic Work Design (2.5 hrs),4,2,6
bec48fc2e1294c7eb3d0aca780d731b8,1257.717f,2323.5525f,MITxPRO+LASERxB1+1T2019,video,420,190,1000,Week 4: The Four Principles of Dynamic Work Design (2.5 hrs),9,7,16
3fec92ad186c423d818a522c6ce08604,1093.7505f,1993.4631f,MITxPRO+LASERxB1+1T2019,html,421,2,3,Week 4: The Four Principles of Dynamic Work Design (2.5 hrs),0,1,1
dbde19fcce2a4c1abdc7f685c293a23f,1161.9784f,2370.1584f,MITxPRO+LASERxB1+1T2019,html,422,187,281,Week 4: The Four Principles of Dynamic Work Design (2.5 hrs),3,3,6
23c4f975457c49199a59bfbc5150e425,1005.7123f,-369.71918f,MITxPRO+LASERxB1+1T2019,html,423,0,0,Week 4: The Four Principles of Dynamic Work Design (2.5 hrs),0,0,0
d83c5c9ee3df49f38c3dda6fcc3184da,-298.74332f,-1008.0506f,MITxPRO+LASERxB1+1T2019,html,424,0,0,Week 4: The Four Principles of Dynamic Work Design (2.5 hrs),0,0,0
a24600b0e49245f6bdba8c893cfeddb0,1188.5496f,2455.2188f,MITxPRO+LASERxB1+1T2019,video,425,186,942,Week 4: The Four Principles of Dynamic Work Design (2.5 hrs),6,7,13
5d290f75e44b4bdb8256c600debbb44d,1413.8568f,2702.572f,MITxPRO+LASERxB1+1T2019,html,426,24,37,Week 4: The Four Principles of Dynamic Work Design (2.5 hrs),3,4,7
1edfe48746384344b51260b2bb74d95b,-451.04108f,996.62225f,MITxPRO+LASERxB1+1T2019,html,427,0,0,Week 4: The Four Principles of Dynamic Work Design (2.5 hrs),0,0,0
24cf8786024543f19b89bc20034e60d7,939.1504f,2723.9395f,MITxPRO+LASERxB1+1T2019,html,428,192,1158,Week 4: The Four Principles of Dynamic Work Design (2.5 hrs),22,14,36
f2a73be2f46840b182d7bd095378004e,1037.8231f,2614.8223f,MITxPRO+LASERxB1+1T2019,video,429,190,742,Week 4: The Four Principles of Dynamic Work Design (2.5 hrs),6,12,18
604551fd4266430cb860fef58fa7dd61,926.2956f,2578.111f,MITxPRO+LASERxB1+1T2019,problem,430,187,996,Week 4: The Four Principles of Dynamic Work Design (2.5 hrs),3,3,6
dce46f8904594a62a6377a3587aaa663,908.1415f,2892.1833f,MITxPRO+LASERxB1+1T2019,video,431,191,1183,Week 4: The Four Principles of Dynamic Work Design (2.5 hrs),11,11,22
9b9d0a249052413c869753b99682b0ac,786.4773f,2932.7253f,MITxPRO+LASERxB1+1T2019,problem,432,186,840,Week 4: The Four Principles of Dynamic Work Design (2.5 hrs),3,3,6
061c175cc90f45fbad883025394e78dd,842.9495f,3022.6438f,MITxPRO+LASERxB1+1T2019,problem,433,185,907,Week 4: The Four Principles of Dynamic Work Design (2.5 hrs),5,3,8
66ada10dde9f43018588f1ced9d477fc,1052.2725f,2957.988f,MITxPRO+LASERxB1+1T2019,html,434,190,332,Week 4: The Four Principles of Dynamic Work Design (2.5 hrs),7,8,15
74a7f8712e5449c2bc0b43c6f90dafed,978.6563f,3009.849f,MITxPRO+LASERxB1+1T2019,problem,435,188,415,Week 4: The Four Principles of Dynamic Work Design (2.5 hrs),4,4,8
bf12c96466d840a69bed7020b3f18bb8,1099.99f,2857.778f,MITxPRO+LASERxB1+1T2019,problem,436,188,463,Week 4: The Four Principles of Dynamic Work Design (2.5 hrs),7,10,17
070600601c4c439288445d2f0724807d,489.72437f,2637.9307f,MITxPRO+LASERxB1+1T2019,html,437,191,1209,Week 4: The Four Principles of Dynamic Work Design (2.5 hrs),23,17,40
0b57572af4c84478956a833ba2f019bb,-92.093544f,355.91705f,MITxPRO+LASERxB1+1T2019,html,438,0,0,Week 4: The Four Principles of Dynamic Work Design (2.5 hrs),0,0,0
1823b6de7d334a7aaabc4570719af4d9,377.8633f,2511.423f,MITxPRO+LASERxB1+1T2019,drag-and-drop-v2,439,191,3037,Week 4: The Four Principles of Dynamic Work Design (2.5 hrs),7,11,18
0380cd76a7d44bc3a4da1f15e4d68f89,312.47348f,2697.332f,MITxPRO+LASERxB1+1T2019,video,440,189,948,Week 4: The Four Principles of Dynamic Work Design (2.5 hrs),7,10,17
23b7673c8b5443108c2ef09382834a86,204.83427f,2780.7864f,MITxPRO+LASERxB1+1T2019,video,441,187,970,Week 4: The Four Principles of Dynamic Work Design (2.5 hrs),7,10,17
901e92500aea43c79f19f1b279050668,122.70193f,2891.8872f,MITxPRO+LASERxB1+1T2019,video,442,188,881,Week 4: The Four Principles of Dynamic Work Design (2.5 hrs),11,11,22
001339db8ced4cf78829ebe8b145449d,-12.905849f,2909.4553f,MITxPRO+LASERxB1+1T2019,problem,443,179,1281,Week 4: The Four Principles of Dynamic Work Design (2.5 hrs),3,3,6
452745e0366e42ae81561bfddebcc6c3,43.017155f,3001.685f,MITxPRO+LASERxB1+1T2019,problem,444,179,735,Week 4: The Four Principles of Dynamic Work Design (2.5 hrs),2,3,5
4660ff2089114e8db82ceb26a4f329e3,185.21082f,3013.5469f,MITxPRO+LASERxB1+1T2019,video,445,186,881,Week 4: The Four Principles of Dynamic Work Design (2.5 hrs),9,9,18
7bd5586eb9d8484eb74a433ee7bfe499,338.3161f,3039.6519f,MITxPRO+LASERxB1+1T2019,drag-and-drop-v2,446,187,3197,Week 4: The Four Principles of Dynamic Work Design (2.5 hrs),9,9,18
8a7f26e690f34dda97be16904518ca99,434.83267f,2904.7144f,MITxPRO+LASERxB1+1T2019,problem,447,186,475,Week 4: The Four Principles of Dynamic Work Design (2.5 hrs),7,10,17
a25adff793e24490b14ab8b50ca90a82,-348.0125f,-1039.1332f,MITxPRO+LASERxB1+1T2019,video,448,0,0,Week 4: The Four Principles of Dynamic Work Design (2.5 hrs),0,0,0
b2f0d654738f48158edff28e8d3a546e,546.21906f,2027.4185f,MITxPRO+LASERxB1+1T2019,html,449,190,1396,Week 4: The Four Principles of Dynamic Work Design (2.5 hrs),27,23,50
18882a995f104cba9bb65d9bec58d1de,-417.31427f,904.82153f,MITxPRO+LASERxB1+1T2019,html,450,0,0,Week 4: The Four Principles of Dynamic Work Design (2.5 hrs),0,0,0
512364d4619742bb9e4e531f07ceaed7,178.35533f,2258.6592f,MITxPRO+LASERxB1+1T2019,html,451,3,8,Week 4: The Four Principles of Dynamic Work Design (2.5 hrs),0,1,1
9428d8bd9c5a47b2a235b254e5e27ded,782.73267f,1932.466f,MITxPRO+LASERxB1+1T2019,html,452,78,142,Week 4: The Four Principles of Dynamic Work Design (2.5 hrs),10,5,15
f60ee41ec635499abd48168342d32c2f,591.3644f,1826.7146f,MITxPRO+LASERxB1+1T2019,openassessment,453,183,11955,Week 4: The Four Principles of Dynamic Work Design (2.5 hrs),6,18,24
f67fbf45a5f146ed866965bc57c7c001,545.20575f,1505.4966f,MITxPRO+LASERxB1+1T2019,problem,454,184,1137,Week 4: The Four Principles of Dynamic Work Design (2.5 hrs),21,20,41
d937afe49bd24a07a550dda1c1155122,408.97867f,1345.7526f,MITxPRO+LASERxB1+1T2019,problem,455,184,537,Week 4: The Four Principles of Dynamic Work Design (2.5 hrs),3,3,6
3628b3f7823443d0912a339096b69943,372.04697f,1269.9255f,MITxPRO+LASERxB1+1T2019,problem,456,183,395,Week 4: The Four Principles of Dynamic Work Design (2.5 hrs),2,2,4
9e049ee647cf43ecbcb5ed792a8e7588,351.60107f,1195.5354f,MITxPRO+LASERxB1+1T2019,problem,457,184,393,Week 4: The Four Principles of Dynamic Work Design (2.5 hrs),3,1,4
5256a214faaf410b93f76cea06428334,343.51093f,1120.6985f,MITxPRO+LASERxB1+1T2019,problem,458,184,387,Week 4: The Four Principles of Dynamic Work Design (2.5 hrs),1,2,3
25c32b120fce40fa9b6c85133aeb4716,344.22745f,1032.5049f,MITxPRO+LASERxB1+1T2019,problem,459,184,599,Week 4: The Four Principles of Dynamic Work Design (2.5 hrs),5,5,10
11bc14f2204949008b7d511b933363c1,380.63568f,921.556f,MITxPRO+LASERxB1+1T2019,problem,460,184,592,Week 4: The Four Principles of Dynamic Work Design (2.5 hrs),5,7,12
42de338840a34d15adb66e7b14fb9d2c,478.38116f,852.85065f,MITxPRO+LASERxB1+1T2019,problem,461,184,527,Week 4: The Four Principles of Dynamic Work Design (2.5 hrs),6,7,13
9da37c6210b1416b8079c274f70bf600,572.2727f,924.4645f,MITxPRO+LASERxB1+1T2019,problem,462,184,566,Week 4: The Four Principles of Dynamic Work Design (2.5 hrs),6,5,11
519119f1deac45ff9ab4f13529be5c6e,597.904f,1039.6627f,MITxPRO+LASERxB1+1T2019,problem,463,184,478,Week 4: The Four Principles of Dynamic Work Design (2.5 hrs),5,7,12
c5df9f40ec14463b9dcfdc73df3e9285,692.3046f,1345.123f,MITxPRO+LASERxB1+1T2019,lti_consumer,464,183,1225,Week 4: The Four Principles of Dynamic Work Design (2.5 hrs),15,17,32
83d42d95cd844fc093fc09cee250edb8,836.1864f,1253.3983f,MITxPRO+LASERxB1+1T2019,video,465,165,1262,Week 4: The Four Principles of Dynamic Work Design (2.5 hrs),6,27,33
7e20f8b8dbef4748ba3bd5df1fc7bed1,253.64107f,249.74692f,MITxPRO+LASERxB1+1T2019,problem,466,0,0,Saleha's Playspace,0,0,0
203ad1369adc463dacb9927b912dd2b9,1043.173f,-686.80334f,MITxPRO+LASERxB1+1T2019,problem,467,0,0,Saleha's Playspace,0,0,0
87331a0e161946c7837117598d1d2958,1092.6581f,-508.39645f,MITxPRO+LASERxB1+1T2019,problem,468,0,0,Saleha's Playspace,0,0,0
79a795dbdc644bb5a065d2c9b2bfd499,-380.511f,835.46356f,MITxPRO+LASERxB1+1T2019,problem,469,0,0,Saleha's Playspace,0,0,0
4d10e81bc1a34270baaa14851bb3267b,-455.57538f,1080.5527f,MITxPRO+LASERxB1+1T2019,problem,470,0,0,Saleha's Playspace,0,0,0
e480a5b467db4ed0a41eda04dfcf6abe,-444.93875f,963.1821f,MITxPRO+LASERxB1+1T2019,openassessment,471,0,0,Saleha's Playspace,0,0,0
88172a7cb8334a1a96d27a64ff45de27,1015.5871f,-754.93744f,MITxPRO+LASERxB1+1T2019,drag-and-drop-v2,472,0,0,Saleha's Playspace,0,0,0
b36798163c3f4236bd7939a21cc8cdc7,1014.09515f,-312.22122f,MITxPRO+LASERxB1+1T2019,drag-and-drop-v2,473,0,0,Debugging,0,0,0
7063da5bb3274612ade4644d4156adf1,978.3948f,-788.43567f,MITxPRO+LASERxB1+1T2019,drag-and-drop-v2,474,0,0,Debugging,0,0,0
a0adf066ca9f4a1aa22ae4e80eb2f0d3,-298.13382f,-1084.1028f,MITxPRO+LASERxB1+1T2019,problem,475,0,0,Debugging,0,0,0
