id,courseID,mod_type,order,chapterModLabel,stds,count,x,y
b613861cecf84ffcab01afb23f660475,MITxPRO+LASERxB1+1T2019,problem,1,Week 0: Get Started (40 min),34,236,-882.02423f,2054.1257f
e2911e79efc2420eac45d9f671463d4b,MITxPRO+LASERxB1+1T2019,problem,2,Week 0: Get Started (40 min),34,247,-758.68823f,2250.8474f
519d1b8c59404d67b54e96c5c8a830b2,MITxPRO+LASERxB1+1T2019,problem,3,Week 0: Get Started (40 min),34,84,-902.5562f,2516.3157f
531db53f81f646edb0cdcfe0085b03b7,MITxPRO+LASERxB1+1T2019,problem,4,Week 0: Get Started (40 min),34,79,-943.9201f,2620.5632f
4f5f94b2f95141e0a9d53a61da2276da,MITxPRO+LASERxB1+1T2019,problem,5,Week 0: Get Started (40 min),34,81,-963.7683f,2726.7637f
6d541c89590949f99af293c4f2333f67,MITxPRO+LASERxB1+1T2019,problem,6,Week 0: Get Started (40 min),34,80,-938.30414f,2832.7026f
dd5cf0b9fe4c4f1d8f5ff8e4c04879cb,MITxPRO+LASERxB1+1T2019,problem,7,Week 0: Get Started (40 min),34,87,-854.4911f,2909.4714f
f96261861edc426abe2248be4f0a709a,MITxPRO+LASERxB1+1T2019,problem,8,Week 0: Get Started (40 min),34,80,-735.36957f,2890.4758f
66b5e16f4f75454fb5b8172079f0fa83,MITxPRO+LASERxB1+1T2019,problem,9,Week 0: Get Started (40 min),34,85,-662.53107f,2803.362f
0680571d4698477995e41842c36a54b2,MITxPRO+LASERxB1+1T2019,problem,10,Week 0: Get Started (40 min),34,80,-636.71423f,2694.941f
9112f2bffece48e08c6d2287be204085,MITxPRO+LASERxB1+1T2019,problem,11,Week 0: Get Started (40 min),34,85,-636.78925f,2572.013f
56586aa865414f538729c7f7735d2bc6,MITxPRO+LASERxB1+1T2019,video,12,Week 0: Get Started (40 min),34,414,-530.782f,2068.7922f
b7f2b31585d94eb3bf86376714aa7070,MITxPRO+LASERxB1+1T2019,video,13,Week 0: Get Started (40 min),33,201,-411.85645f,2177.3916f
3f1c815879794b929260d224becaff7e,MITxPRO+LASERxB1+1T2019,html,14,Week 0: Get Started (40 min),32,61,-289.77197f,2154.0527f
81c864a886d54a6b8ff85f7d736f4f95,MITxPRO+LASERxB1+1T2019,video,15,Week 0: Get Started (40 min),32,51,-264.0443f,2040.4062f
eb2a0eb537344a9e891c761662e400b6,MITxPRO+LASERxB1+1T2019,html,16,Week 0: Get Started (40 min),12,25,-158.67128f,1910.0199f
5c5ceeee4562457ba6d41515aeebfbb1,MITxPRO+LASERxB1+1T2019,video,17,Week 0: Get Started (40 min),33,149,-342.94745f,1975.0068f
9afd71a5298d4333b6849dfce1b9422c,MITxPRO+LASERxB1+1T2019,html,18,Week 0: Get Started (40 min),34,146,-462.9938f,1661.4784f
daf8890a3c354459b8a962529aceb072,MITxPRO+LASERxB1+1T2019,html,19,Week 0: Get Started (40 min),0,0,-699.2249f,1571.3026f
b7719e26494940efa49512aedd0aac79,MITxPRO+LASERxB1+1T2019,html,20,Week 0: Get Started (40 min),34,221,-390.83884f,1127.1227f
a49d1bb4328949299686242fd0be5584,MITxPRO+LASERxB1+1T2019,html,21,Week 0: Get Started (40 min),19,64,-240.51755f,1250.1812f
d4c3b003e8274e429d2fa688d73fde6d,MITxPRO+LASERxB1+1T2019,video,22,Week 0: Get Started (40 min),32,161,-494.42987f,1303.4738f
b3323dfcc2d246d599e1c43b6be7751c,MITxPRO+LASERxB1+1T2019,html,23,Week 0: Get Started (40 min),0,0,-884.5601f,1250.509f
d4f45188d3c84a02ba08454e6403a818,MITxPRO+LASERxB1+1T2019,lti_consumer,24,Week 0: Get Started (40 min),32,76,-376.77124f,1319.816f
a8f52a1637e44afd96e621bf9efb473f,MITxPRO+LASERxB1+1T2019,html,25,Week 0: Get Started (40 min),0,0,-879.8314f,50.034958f
5bc03c8f16354d04bd51f5bb93559ad3,MITxPRO+LASERxB1+1T2019,lti_consumer,26,Week 0: Get Started (40 min),5,6,-493.14594f,1423.5538f
a23ae40d7a9e4ee4828cc06415a3218c,MITxPRO+LASERxB1+1T2019,html,27,Week 0: Get Started (40 min),4,4,29.82773f,760.49097f
afbf7250b99d47bea07172749483ca97,MITxPRO+LASERxB1+1T2019,html,28,Week 0: Get Started (40 min),34,131,-359.86566f,937.4222f
4e51676dc72045d99c19b9fa7b22f8bc,MITxPRO+LASERxB1+1T2019,html,29,Week 0: Get Started (40 min),34,184,-355.377f,754.9117f
78ff5a07ecb5453ca82361aabca7c5ba,MITxPRO+LASERxB1+1T2019,html,30,Week 0: Get Started (40 min),0,0,940.52094f,-836.07135f
51970cfa30e643e894e66ae85c8024cc,MITxPRO+LASERxB1+1T2019,html,31,Week 0: Get Started (40 min),34,51,-310.136f,666.89703f
c9c52446b6294aa5a9c2abaed536c37e,MITxPRO+LASERxB1+1T2019,html,32,Week 0: Get Started (40 min),8,14,-526.22876f,755.1157f
0c253dd0ca8e4fc3893a27d753757ef5,MITxPRO+LASERxB1+1T2019,html,33,Week 0: Get Started (40 min),0,0,-454.7823f,1017.62665f
c33c17be71ae4d588da7369472e5bb1b,MITxPRO+LASERxB1+1T2019,html,34,Week 0: Get Started (40 min),34,133,-406.7097f,565.7859f
93679be414554a11b1893002f2229a93,MITxPRO+LASERxB1+1T2019,html,35,Week 0: Get Started (40 min),34,108,-534.9566f,524.1879f
7040a13096d746ac84b8fac8d9752058,MITxPRO+LASERxB1+1T2019,html,36,Week 0: Get Started (40 min),34,106,-647.9163f,513.15f
9a0dc646f934470daf08c4b56ccf73db,MITxPRO+LASERxB1+1T2019,html,37,Week 0: Get Started (40 min),34,113,-760.65265f,529.37463f
fc0e049d56024bc9a02c9a9c435c3df7,MITxPRO+LASERxB1+1T2019,html,38,Week 0: Get Started (40 min),34,126,-889.0196f,563.16693f
67a089198fcb4e1c8f2385786c2b296f,MITxPRO+LASERxB1+1T2019,html,39,Week 1: Strategy (2.5 hrs),34,309,-1344.4308f,615.0425f
64d48c6c9c7940639a932219a6c87198,MITxPRO+LASERxB1+1T2019,video,40,Week 1: Strategy (2.5 hrs),34,213,-1236.0428f,831.5842f
b534b89233134e30a9b5645138bfa9ee,MITxPRO+LASERxB1+1T2019,html,41,Week 1: Strategy (2.5 hrs),34,240,-1702.3512f,1316.9302f
fc5d3a81023c41d8ab70b19d4c5c50eb,MITxPRO+LASERxB1+1T2019,html,42,Week 1: Strategy (2.5 hrs),1,1,-1857.6392f,1688.6023f
296fbfa7fce5408484f55d759d80d7b7,MITxPRO+LASERxB1+1T2019,html,43,Week 1: Strategy (2.5 hrs),0,0,-1163.4855f,1381.4379f
0e37b720d23b4e7f8b313e79313fd107,MITxPRO+LASERxB1+1T2019,problem,44,Week 1: Strategy (2.5 hrs),33,88,-1493.5278f,1223.4491f
6875d67fdd5f48168b62719df449bebd,MITxPRO+LASERxB1+1T2019,problem,45,Week 1: Strategy (2.5 hrs),34,83,-1506.9172f,1317.0549f
d9c8d8c444a64dadbbb508652c721e17,MITxPRO+LASERxB1+1T2019,html,46,Week 1: Strategy (2.5 hrs),34,88,-1568.3347f,1813.6472f
6e13d61a7bdb44bca949c9f86fab3be5,MITxPRO+LASERxB1+1T2019,video,47,Week 1: Strategy (2.5 hrs),34,252,-1621.8794f,1535.1986f
7ddaf94446db4e3d8f70d0ed3883700d,MITxPRO+LASERxB1+1T2019,html,48,Week 1: Strategy (2.5 hrs),0,0,-393.51212f,-1064.7415f
195f78799f984cc2b06c48dfe36be751,MITxPRO+LASERxB1+1T2019,problem,49,Week 1: Strategy (2.5 hrs),34,119,-1580.308f,1678.87f
f924752d8a1149668870b1e7698486f7,MITxPRO+LASERxB1+1T2019,html,50,Week 1: Strategy (2.5 hrs),34,85,-1728.9265f,2292.8818f
d0c74f735e024943943e40333d6d337f,MITxPRO+LASERxB1+1T2019,video,51,Week 1: Strategy (2.5 hrs),34,152,-1571.8699f,1965.6831f
2b160a91c44d44c89ba74b6b07b25629,MITxPRO+LASERxB1+1T2019,html,52,Week 1: Strategy (2.5 hrs),0,0,1099.5453f,-454.47833f
983f8ff320594b279a7f4a6fe132f9c5,MITxPRO+LASERxB1+1T2019,problem,53,Week 1: Strategy (2.5 hrs),34,113,-1492.955f,2123.5615f
35adfa5d923046aebabfefd98f35ff05,MITxPRO+LASERxB1+1T2019,problem,54,Week 1: Strategy (2.5 hrs),34,181,-1462.6436f,2238.7554f
b6f8a98476224da1b40e555ececc7ed8,MITxPRO+LASERxB1+1T2019,problem,55,Week 1: Strategy (2.5 hrs),33,117,-1503.2716f,2346.391f
86e22cb5fe0e4b47a9489ecddf7ed78f,MITxPRO+LASERxB1+1T2019,problem,56,Week 1: Strategy (2.5 hrs),33,112,-1603.4957f,2375.458f
12aa6e1672ac4e7aa6449a7a8609cd72,MITxPRO+LASERxB1+1T2019,html,57,Week 1: Strategy (2.5 hrs),34,69,-2116.4795f,2144.7341f
a1f2f12debe5432fb7a70bcd12bacfb9,MITxPRO+LASERxB1+1T2019,drag-and-drop-v2,58,Week 1: Strategy (2.5 hrs),34,780,-1880.6107f,2432.7615f
78f30e4dcac84e3cbea8b2cc6e0d62b3,MITxPRO+LASERxB1+1T2019,drag-and-drop-v2,59,Week 1: Strategy (2.5 hrs),34,491,-1942.2825f,2249.299f
309ccf3cc4fe429d9bfbaef53d3fa479,MITxPRO+LASERxB1+1T2019,html,60,Week 1: Strategy (2.5 hrs),34,69,-2147.3142f,1767.7023f
4c943503763e4e349906eea3ed3c8e86,MITxPRO+LASERxB1+1T2019,problem,61,Week 1: Strategy (2.5 hrs),34,77,-2175.713f,1905.6139f
bee9f506f4a845b0bc68b6b1caee58a2,MITxPRO+LASERxB1+1T2019,html,62,Week 1: Strategy (2.5 hrs),0,0,574.2684f,352.04904f
bc42d26810654ea9a1df1efe1e58c7d5,MITxPRO+LASERxB1+1T2019,survey,63,Week 1: Strategy (2.5 hrs),34,226,-2096.5308f,1996.4136f
a0a418b8540d479fa6e0f653b701da8b,MITxPRO+LASERxB1+1T2019,survey,64,Week 1: Strategy (2.5 hrs),34,214,-2233.1804f,2025.8232f
7af822066add4e7f8e007e4eee31a8bf,MITxPRO+LASERxB1+1T2019,html,65,Week 1: Strategy (2.5 hrs),6,17,-1988.336f,1705.4803f
0c9dea3b3a84482fbc9ce8487ef5ae94,MITxPRO+LASERxB1+1T2019,html,66,Week 1: Strategy (2.5 hrs),0,0,-461.78482f,975.55457f
d646286c8051419bbc2e31dd1db55ca8,MITxPRO+LASERxB1+1T2019,html,67,Week 1: Strategy (2.5 hrs),34,244,-2199.85f,1017.7771f
5ae019b6b8404464a9b33b495b971f1d,MITxPRO+LASERxB1+1T2019,html,68,Week 1: Strategy (2.5 hrs),0,0,254.88158f,215.65681f
b78502985aa44be295c7f910dbf6d461,MITxPRO+LASERxB1+1T2019,html,69,Week 1: Strategy (2.5 hrs),0,0,-1229.0734f,-472.09467f
12c07ec131f6403eaff4fe6e306f3630,MITxPRO+LASERxB1+1T2019,html,70,Week 1: Strategy (2.5 hrs),0,0,125.90709f,174.69656f
267f883678b24aed855fde42524975d9,MITxPRO+LASERxB1+1T2019,problem,71,Week 1: Strategy (2.5 hrs),33,78,-2346.1875f,1028.8207f
88fff56d0342490dbef9040750a20f6c,MITxPRO+LASERxB1+1T2019,problem,72,Week 1: Strategy (2.5 hrs),33,79,-2397.8296f,1091.7809f
adb17b12b66c4a49a85fd34322f7df70,MITxPRO+LASERxB1+1T2019,problem,73,Week 1: Strategy (2.5 hrs),33,72,-2334.0571f,1139.9713f
140d5b27b8574befad82c0a013b59dfa,MITxPRO+LASERxB1+1T2019,html,74,Week 1: Strategy (2.5 hrs),34,59,-2701.6414f,1109.811f
a2becd407db34b189200a32546d9d569,MITxPRO+LASERxB1+1T2019,video,75,Week 1: Strategy (2.5 hrs),34,205,-2435.7585f,1228.5718f
190fc0dbe34c41668fe10597f5802ed4,MITxPRO+LASERxB1+1T2019,html,76,Week 1: Strategy (2.5 hrs),0,0,-1215.4374f,-564.4239f
58c22b011d0f4c2ea6d13615edbb9eeb,MITxPRO+LASERxB1+1T2019,problem,77,Week 1: Strategy (2.5 hrs),33,191,-2575.0015f,1321.5616f
dd76e1861dc9461c830888729d091ee0,MITxPRO+LASERxB1+1T2019,problem,78,Week 1: Strategy (2.5 hrs),33,240,-2689.5078f,1372.6049f
cd1d828f1a694b87913a7ea66c23803e,MITxPRO+LASERxB1+1T2019,problem,79,Week 1: Strategy (2.5 hrs),33,118,-2809.0105f,1375.3275f
9176a3c2b4d2465fa8b0c67096c2a97e,MITxPRO+LASERxB1+1T2019,problem,80,Week 1: Strategy (2.5 hrs),32,274,-2886.5457f,1277.8954f
f8ec6445f7194e25b9101d4fbcb07a18,MITxPRO+LASERxB1+1T2019,problem,81,Week 1: Strategy (2.5 hrs),33,122,-2813.8513f,1177.7775f
d18a9ea32855445f8736581f5cb119ce,MITxPRO+LASERxB1+1T2019,html,82,Week 1: Strategy (2.5 hrs),34,63,-2672.947f,993.60547f
38376f961ebc414db8f3b8f244f6d5ed,MITxPRO+LASERxB1+1T2019,html,83,Week 1: Strategy (2.5 hrs),0,0,-1167.815f,-628.5986f
ae5ac430ea254e708a6f5deaaf7464ae,MITxPRO+LASERxB1+1T2019,html,84,Week 1: Strategy (2.5 hrs),34,76,-2483.2065f,801.575f
f564483cbd7a407681aa2fcca518cf5f,MITxPRO+LASERxB1+1T2019,problem,85,Week 1: Strategy (2.5 hrs),34,150,-2705.1719f,880.7163f
18fd01350bd5434ca636d59a599d768a,MITxPRO+LASERxB1+1T2019,problem,86,Week 1: Strategy (2.5 hrs),34,315,-2619.1782f,783.3771f
42fb58708eaf4e5daa82bfca61b6f5fd,MITxPRO+LASERxB1+1T2019,html,87,Week 1: Strategy (2.5 hrs),11,19,-2575.7954f,1569.3362f
c681290961c94c4caf23b529d1ae6b9a,MITxPRO+LASERxB1+1T2019,problem,88,Week 1: Strategy (2.5 hrs),34,81,-2299.2847f,696.8638f
515683b5ec554c5b816324fc98691834,MITxPRO+LASERxB1+1T2019,html,89,Week 1: Strategy (2.5 hrs),0,0,561.99176f,302.3471f
6a9f0ef185fb47f0937e29daa1c71ed5,MITxPRO+LASERxB1+1T2019,poll,90,Week 1: Strategy (2.5 hrs),34,274,-2356.809f,792.65045f
e20db35ced8544ddac5bc3839145e463,MITxPRO+LASERxB1+1T2019,html,91,Week 1: Strategy (2.5 hrs),34,302,-2431.4124f,25.896494f
c2a008e1e5ca4287bd8ecea2932360aa,MITxPRO+LASERxB1+1T2019,html,92,Week 1: Strategy (2.5 hrs),0,0,-983.7118f,-923.97565f
231c15562ab8497daeb55e56acf3b35c,MITxPRO+LASERxB1+1T2019,html,93,Week 1: Strategy (2.5 hrs),0,0,-1891.8033f,-48.972626f
1febb706d7a34005ae8711ed49c76e64,MITxPRO+LASERxB1+1T2019,problem,94,Week 1: Strategy (2.5 hrs),34,131,-2125.6821f,157.82066f
8f73ba6f5a0042f2850356ac38ac6f24,MITxPRO+LASERxB1+1T2019,problem,95,Week 1: Strategy (2.5 hrs),33,190,-2022.6315f,205.82704f
e2260b86653c46d7b14a41fb419dbf8c,MITxPRO+LASERxB1+1T2019,problem,96,Week 1: Strategy (2.5 hrs),33,110,-2009.343f,316.17413f
35eb641ad1d845bbba54915bce75a962,MITxPRO+LASERxB1+1T2019,problem,97,Week 1: Strategy (2.5 hrs),33,169,-2106.5137f,370.65744f
08be90ffbeea4795a138cd42ed8db56f,MITxPRO+LASERxB1+1T2019,problem,98,Week 1: Strategy (2.5 hrs),34,202,-2224.4783f,350.80508f
3007433c8f584dcbb5ac159c1c5f2be3,MITxPRO+LASERxB1+1T2019,problem,99,Week 1: Strategy (2.5 hrs),33,170,-2330.5789f,289.5136f
73039f8c1eb9409cb4caee2cf968001e,MITxPRO+LASERxB1+1T2019,html,100,Week 1: Strategy (2.5 hrs),34,81,-3030.3147f,67.11418f
00ae5f0c51874a73a41ebea838d95682,MITxPRO+LASERxB1+1T2019,video,101,Week 1: Strategy (2.5 hrs),34,190,-2638.2598f,173.38539f
b38af1a65bd14ea886d608e701505bcf,MITxPRO+LASERxB1+1T2019,html,102,Week 1: Strategy (2.5 hrs),0,0,-1798.3878f,82.294556f
d391c8b6e56a43a7b654e9dee02d904b,MITxPRO+LASERxB1+1T2019,drag-and-drop-v2,103,Week 1: Strategy (2.5 hrs),34,687,-2797.872f,248.95619f
6111116566fc4fd9abba409322bea245,MITxPRO+LASERxB1+1T2019,problem,104,Week 1: Strategy (2.5 hrs),33,120,-2967.2808f,350.99268f
a81b2235cb9c499eb9ea8ee0a8dd9725,MITxPRO+LASERxB1+1T2019,problem,105,Week 1: Strategy (2.5 hrs),32,142,-3077.5723f,370.32953f
2d4e0ab0ef3b4d73b82c72d4621a7579,MITxPRO+LASERxB1+1T2019,problem,106,Week 1: Strategy (2.5 hrs),33,109,-3164.438f,302.9743f
8bdebf492ebd4e62b0d522e8ab5e5197,MITxPRO+LASERxB1+1T2019,problem,107,Week 1: Strategy (2.5 hrs),33,139,-3162.4448f,193.54776f
08111f75e22d409998cf8b85bd431f0a,MITxPRO+LASERxB1+1T2019,html,108,Week 1: Strategy (2.5 hrs),34,86,-2982.1729f,-236.63359f
4280927ec4d643238aa49c32f9e06c6c,MITxPRO+LASERxB1+1T2019,video,109,Week 1: Strategy (2.5 hrs),34,154,-3038.7788f,-60.280376f
6e1c7c431db64442b1a7ca15b87a61bd,MITxPRO+LASERxB1+1T2019,html,110,Week 1: Strategy (2.5 hrs),0,0,-983.3317f,-953.349f
fc44e6a5f7654430af1227838224dceb,MITxPRO+LASERxB1+1T2019,problem,111,Week 1: Strategy (2.5 hrs),33,146,-3078.9644f,-175.07878f
37319e88176d4aefa91d7a9980dbae91,MITxPRO+LASERxB1+1T2019,html,112,Week 1: Strategy (2.5 hrs),34,82,-2692.4863f,-412.45627f
9f83d4de28e64c5b81825f4e58892ac7,MITxPRO+LASERxB1+1T2019,html,113,Week 1: Strategy (2.5 hrs),0,0,-333.2366f,-1065.525f
a9ae0a3c070d455bb4369a8996313336,MITxPRO+LASERxB1+1T2019,video,114,Week 1: Strategy (2.5 hrs),33,127,-2882.5308f,-316.9883f
f3c44bf91f85487caa6400dfe774e63b,MITxPRO+LASERxB1+1T2019,html,115,Week 1: Strategy (2.5 hrs),0,0,-753.25867f,-1135.4569f
71cec822bcff4f30a20e75dc63ef7b65,MITxPRO+LASERxB1+1T2019,problem,116,Week 1: Strategy (2.5 hrs),34,119,-2824.5293f,-441.4453f
3ec3a3563847406fa73338f9e9999cf3,MITxPRO+LASERxB1+1T2019,html,117,Week 1: Strategy (2.5 hrs),12,24,-2678.8928f,-208.13408f
b1cd0e7dc3ad4a8eb91a4bfdbeb025b0,MITxPRO+LASERxB1+1T2019,problem,118,Week 1: Strategy (2.5 hrs),32,79,-2540.0815f,-481.3472f
1b532c6a5d0c48ba8cfa09591141b4df,MITxPRO+LASERxB1+1T2019,html,119,Week 1: Strategy (2.5 hrs),0,0,-710.5741f,-1140.3413f
62bff51286ef4f348717a3cf6fe2318f,MITxPRO+LASERxB1+1T2019,poll,120,Week 1: Strategy (2.5 hrs),34,266,-2547.337f,-355.3316f
779f9ddd1fd14d1e9e69f72219a1fdbd,MITxPRO+LASERxB1+1T2019,html,121,Week 1: Strategy (2.5 hrs),34,199,-2269.8086f,-738.81647f
b37e701092c444e8a0009767edc5f622,MITxPRO+LASERxB1+1T2019,html,122,Week 1: Strategy (2.5 hrs),0,0,-1860.0494f,-385.35895f
bd7c391260c74863ad031cabd6ae5cbb,MITxPRO+LASERxB1+1T2019,html,123,Week 1: Strategy (2.5 hrs),0,0,-2145.7969f,-650.9161f
386a0044b3b843cc96cfd11f7f889fda,MITxPRO+LASERxB1+1T2019,html,124,Week 1: Strategy (2.5 hrs),0,0,-464.243f,-1161.9536f
ae26e6cda8ad4a3f81bd347560d9579f,MITxPRO+LASERxB1+1T2019,problem,125,Week 1: Strategy (2.5 hrs),33,113,-2121.793f,-577.9599f
ee48df95832b4374aa273ceb27ec1315,MITxPRO+LASERxB1+1T2019,problem,126,Week 1: Strategy (2.5 hrs),33,82,-2079.3835f,-653.5204f
7a439da90b394756ad1777fc4c6dead5,MITxPRO+LASERxB1+1T2019,problem,127,Week 1: Strategy (2.5 hrs),33,81,-2117.8953f,-724.7243f
579338175e0b4bbb8ef3b712b5d8b54e,MITxPRO+LASERxB1+1T2019,html,128,Week 1: Strategy (2.5 hrs),34,62,-2589.5962f,-1045.1682f
a8dd5213034441ac92724b4e83eb0bb2,MITxPRO+LASERxB1+1T2019,video,129,Week 1: Strategy (2.5 hrs),34,132,-2316.1636f,-900.557f
1e7836a9d0494f13b156aa0cc1135796,MITxPRO+LASERxB1+1T2019,html,130,Week 1: Strategy (2.5 hrs),0,0,-5.0657973f,289.14688f
8115eab6556b45f5b415c3b8c26a12e5,MITxPRO+LASERxB1+1T2019,problem,131,Week 1: Strategy (2.5 hrs),33,123,-2369.729f,-1022.5579f
ec34b06efd844b46a4c4818ecdb9b8f4,MITxPRO+LASERxB1+1T2019,problem,132,Week 1: Strategy (2.5 hrs),33,158,-2430.7957f,-1113.2966f
c2e1c2b9eac64109b343a088584b576b,MITxPRO+LASERxB1+1T2019,problem,133,Week 1: Strategy (2.5 hrs),33,112,-2536.51f,-1130.7689f
b416d47c56a742199b5d7c7f19d6503a,MITxPRO+LASERxB1+1T2019,html,134,Week 1: Strategy (2.5 hrs),34,55,-2551.2952f,-912.53033f
8bc5795d6a984a3eace4e2811e52dd4f,MITxPRO+LASERxB1+1T2019,problem,135,Week 1: Strategy (2.5 hrs),34,98,-2630.7646f,-961.5619f
f661500307d74c908e9207d949ceb4aa,MITxPRO+LASERxB1+1T2019,html,136,Week 1: Strategy (2.5 hrs),10,13,-2688.5457f,-1255.6095f
cd4532ad48034873ba8bce2aac0c9808,MITxPRO+LASERxB1+1T2019,problem,137,Week 1: Strategy (2.5 hrs),34,91,-2463.9287f,-859.0497f
e449fc6047844f2eb8caee5c269d5c1c,MITxPRO+LASERxB1+1T2019,html,138,Week 1: Strategy (2.5 hrs),1,2,-2812.2776f,-1479.9513f
df1de691dafe4549a18a4398ee9dfaf9,MITxPRO+LASERxB1+1T2019,html,139,Week 1: Strategy (2.5 hrs),34,207,-1879.4365f,-1131.9668f
e9312892f6234d46afcb2e1369d2d4ed,MITxPRO+LASERxB1+1T2019,html,140,Week 1: Strategy (2.5 hrs),1,2,-1515.2566f,-1429.0823f
7570bc806234456aa66b290fb5c10af2,MITxPRO+LASERxB1+1T2019,html,141,Week 1: Strategy (2.5 hrs),0,0,-179.8258f,-1092.5779f
5fb9ca36a17e4e5aafb629116db68537,MITxPRO+LASERxB1+1T2019,html,142,Week 1: Strategy (2.5 hrs),0,0,-438.96674f,941.9166f
6c5ad271a44743479bfaea29b1db8d02,MITxPRO+LASERxB1+1T2019,video,143,Week 1: Strategy (2.5 hrs),34,111,-2058.2703f,-1078.7494f
83d311bed5374fee83d8d67a7d9d82dc,MITxPRO+LASERxB1+1T2019,problem,144,Week 1: Strategy (2.5 hrs),32,76,-2087.668f,-1191.9332f
402bba41861d43acb52a5abb89e8831e,MITxPRO+LASERxB1+1T2019,problem,145,Week 1: Strategy (2.5 hrs),33,113,-2016.1803f,-1250.8175f
f902b0f41b544d4dbf79664fd233648d,MITxPRO+LASERxB1+1T2019,html,146,Week 1: Strategy (2.5 hrs),34,64,-2140.351f,-1748.2358f
8aae34f5ddbb4052a709b12e6b0d40fa,MITxPRO+LASERxB1+1T2019,video,147,Week 1: Strategy (2.5 hrs),34,178,-2047.3484f,-1397.852f
6cb6ef2fb4224f9f94891094577870fd,MITxPRO+LASERxB1+1T2019,html,148,Week 1: Strategy (2.5 hrs),0,0,-1869.4238f,-2190.7002f
645b3f0249f64f76af2e19eb4d0e55b7,MITxPRO+LASERxB1+1T2019,problem,149,Week 1: Strategy (2.5 hrs),33,170,-2168.6719f,-1505.9626f
7e7b8db5064d4369805ab370aac5ddfb,MITxPRO+LASERxB1+1T2019,problem,150,Week 1: Strategy (2.5 hrs),33,143,-2239.7446f,-1594.5443f
8956d210ae7f41968fada86d4c979d6a,MITxPRO+LASERxB1+1T2019,problem,151,Week 1: Strategy (2.5 hrs),33,114,-2236.0322f,-1697.4539f
f03480cf4eba413194d7af52fc0e7f28,MITxPRO+LASERxB1+1T2019,html,152,Week 1: Strategy (2.5 hrs),34,67,-1811.0093f,-1680.1323f
ae781e8b775e4ccd93bc800dad5c8376,MITxPRO+LASERxB1+1T2019,problem,153,Week 1: Strategy (2.5 hrs),34,139,-2099.0417f,-1855.4757f
06882a8492d9499aa31555567f575ecb,MITxPRO+LASERxB1+1T2019,problem,154,Week 1: Strategy (2.5 hrs),34,78,-2022.4309f,-1912.3844f
f293c508f409466a8f27ddd7d1e40b20,MITxPRO+LASERxB1+1T2019,problem,155,Week 1: Strategy (2.5 hrs),34,178,-1925.5352f,-1886.535f
cc4ddef5bbbe48ebb605141b347c4ed1,MITxPRO+LASERxB1+1T2019,problem,156,Week 1: Strategy (2.5 hrs),34,109,-1860.7067f,-1806.1512f
f4ce60b4a944484082ccb701b48b3da1,MITxPRO+LASERxB1+1T2019,html,157,Week 1: Strategy (2.5 hrs),9,15,-1960.9465f,-1711.255f
d313cec988a84645bee413e8d4724a4b,MITxPRO+LASERxB1+1T2019,poll,158,Week 1: Strategy (2.5 hrs),34,248,-1784.2783f,-1556.6188f
dc60696c76a74368a60f72246e47700d,MITxPRO+LASERxB1+1T2019,problem,159,Week 1: Strategy (2.5 hrs),34,82,-1755.5325f,-1429.5947f
78adeee1fa2c4fe0bc73f7bca9fcee86,MITxPRO+LASERxB1+1T2019,html,160,Week 1: Strategy (2.5 hrs),34,344,-1257.7241f,-535.79175f
6fdb4db5d6dd41b296c156e9e31f6ae8,MITxPRO+LASERxB1+1T2019,html,161,Week 1: Strategy (2.5 hrs),0,0,1066.6217f,-655.5809f
f8c6e9dd315640039488619b16128971,MITxPRO+LASERxB1+1T2019,html,162,Week 1: Strategy (2.5 hrs),3,10,-1573.4829f,-23.491999f
8959e6304a0348309a771e4d08d1b64a,MITxPRO+LASERxB1+1T2019,html,163,Week 1: Strategy (2.5 hrs),21,47,-1429.1855f,-261.51663f
65202579580f4ad38d734b4ee39d22a8,MITxPRO+LASERxB1+1T2019,openassessment,164,Week 1: Strategy (2.5 hrs),34,2668,-1207.8329f,-304.71982f
3cbcea2be0984e7dbd5a48195af10ce7,MITxPRO+LASERxB1+1T2019,html,165,Week 1: Strategy (2.5 hrs),34,170,-904.35614f,-469.31757f
26836bccf4174cc5af819c2e237f9300,MITxPRO+LASERxB1+1T2019,html,166,Week 1: Strategy (2.5 hrs),0,0,-692.7085f,-10.26167f
82e6285962b8400d9d6fc32436022a94,MITxPRO+LASERxB1+1T2019,lti_consumer,167,Week 1: Strategy (2.5 hrs),34,95,-809.0026f,-367.62894f
a9ac840f098c4bd0a2ee896214ce29cd,MITxPRO+LASERxB1+1T2019,html,168,Week 1: Strategy (2.5 hrs),33,139,-702.5477f,-671.3837f
0c7262dff33c4087bc660ccf40f92f9c,MITxPRO+LASERxB1+1T2019,html,169,Week 2: Products (2.5 hrs),34,413,-532.0179f,-1344.6451f
1202ed221196417faa16c4348aed3971,MITxPRO+LASERxB1+1T2019,html,170,Week 2: Products (2.5 hrs),0,0,426.94577f,-146.72783f
416cdfda278442dd9bcb1046bd1bf0ec,MITxPRO+LASERxB1+1T2019,html,171,Week 2: Products (2.5 hrs),0,0,-77.38549f,-1107.0742f
b2275c3fad834f8d90737a2d9a6927d6,MITxPRO+LASERxB1+1T2019,drag-and-drop-v2,172,Week 2: Products (2.5 hrs),34,1093,-624.7191f,-1048.9811f
eb515a26030b41f8a82a1e6114420bad,MITxPRO+LASERxB1+1T2019,problem,173,Week 2: Products (2.5 hrs),34,133,-732.38025f,-1185.7568f
362fcb0699a14845ab29b2340093e528,MITxPRO+LASERxB1+1T2019,html,174,Week 2: Products (2.5 hrs),34,89,-1098.5784f,-1405.9761f
b42cc17b7de840f181a704558d0bc845,MITxPRO+LASERxB1+1T2019,video,175,Week 2: Products (2.5 hrs),33,233,-827.3169f,-1334.9725f
93ebcbc0b45f4e73acd412264327a4f7,MITxPRO+LASERxB1+1T2019,html,176,Week 2: Products (2.5 hrs),0,0,-491.01404f,994.439f
801f9e9135034f49bf5f8b4bdefedb41,MITxPRO+LASERxB1+1T2019,problem,177,Week 2: Products (2.5 hrs),34,264,-974.5904f,-1350.4615f
139b097acfca451689d80c9c6eebdf7b,MITxPRO+LASERxB1+1T2019,html,178,Week 2: Products (2.5 hrs),34,75,-1092.9612f,-1671.9719f
ea38cc0e6e6e41edbabf210220808bf9,MITxPRO+LASERxB1+1T2019,video,179,Week 2: Products (2.5 hrs),33,147,-1054.3743f,-1512.0469f
d9db4a4ebcd8499daa5e84d534b523ac,MITxPRO+LASERxB1+1T2019,html,180,Week 2: Products (2.5 hrs),0,0,-294.85635f,-1046.7201f
b87c552dd247427abe6ab5795b9c9d43,MITxPRO+LASERxB1+1T2019,drag-and-drop-v2,181,Week 2: Products (2.5 hrs),34,366,-1176.4226f,-1561.4011f
2024b4885bd14338a39b7b509acbbd02,MITxPRO+LASERxB1+1T2019,html,182,Week 2: Products (2.5 hrs),34,63,-909.726f,-1753.1285f
30f660a1feb34582a739722532524f79,MITxPRO+LASERxB1+1T2019,problem,183,Week 2: Products (2.5 hrs),34,234,-1027.0928f,-1769.5088f
cf4c280bad6a43e6b131d8385ef9ef3f,MITxPRO+LASERxB1+1T2019,html,184,Week 2: Products (2.5 hrs),5,9,-629.15643f,-1813.3842f
c3f63fe50d8e487c86bf8ef76c9cadd3,MITxPRO+LASERxB1+1T2019,problem,185,Week 2: Products (2.5 hrs),34,83,-796.13556f,-1743.1064f
c8e371568a0c4391b25796ae4e91952e,MITxPRO+LASERxB1+1T2019,html,186,Week 2: Products (2.5 hrs),34,263,-721.07666f,-2214.3406f
2d075b03782c4bef9bed2913b6534e8e,MITxPRO+LASERxB1+1T2019,html,187,Week 2: Products (2.5 hrs),0,0,-364.90082f,-1065.3033f
7d932b23e1c84326ae5aa4d3c0d813d1,MITxPRO+LASERxB1+1T2019,problem,188,Week 2: Products (2.5 hrs),33,85,-809.17114f,-2118.1887f
07b44a7a51e94c78b411c753fc39dab0,MITxPRO+LASERxB1+1T2019,html,189,Week 2: Products (2.5 hrs),34,86,-1100.7819f,-2295.387f
ab11d94c6c8948ea90b88f19d2cd502b,MITxPRO+LASERxB1+1T2019,video,190,Week 2: Products (2.5 hrs),33,177,-890.2872f,-2236.1292f
950c1931570b4fb39512a9540816b913,MITxPRO+LASERxB1+1T2019,html,191,Week 2: Products (2.5 hrs),0,0,845.9263f,891.97833f
f992451ed6ad4e68bb9e68ad6be7c4be,MITxPRO+LASERxB1+1T2019,problem,192,Week 2: Products (2.5 hrs),33,93,-1001.87726f,-2264.0857f
017d7ca8e0394b91aaadc9574df2202c,MITxPRO+LASERxB1+1T2019,html,193,Week 2: Products (2.5 hrs),34,94,-1263.0446f,-2527.5005f
6cd2dcaac46847d4a0bc53f296d90375,MITxPRO+LASERxB1+1T2019,video,194,Week 2: Products (2.5 hrs),33,162,-1197.6432f,-2342.871f
c92c45e0e81148bfab292a3c1a573ca6,MITxPRO+LASERxB1+1T2019,html,195,Week 2: Products (2.5 hrs),0,0,-328.43802f,-1023.85205f
2d2580c9411c4972909db508d6956a58,MITxPRO+LASERxB1+1T2019,problem,196,Week 2: Products (2.5 hrs),33,175,-1326.5336f,-2330.1865f
5bddb3d9ed264f3984702f048c7e5340,MITxPRO+LASERxB1+1T2019,problem,197,Week 2: Products (2.5 hrs),32,116,-1401.5564f,-2397.9587f
d5e8e2bd12a2466b9d6d90855f0eb079,MITxPRO+LASERxB1+1T2019,problem,198,Week 2: Products (2.5 hrs),33,115,-1364.2948f,-2482.5527f
f9170dd6bc6442b4acd832747609b09a,MITxPRO+LASERxB1+1T2019,html,199,Week 2: Products (2.5 hrs),34,77,-1002.9196f,-2608.3533f
54e8e9f0ea3e45c4bf3b8ac799ee31b1,MITxPRO+LASERxB1+1T2019,problem,200,Week 2: Products (2.5 hrs),34,82,-1270.5769f,-2620.473f
c614a00911be4877a075f19315530fb0,MITxPRO+LASERxB1+1T2019,problem,201,Week 2: Products (2.5 hrs),34,304,-1257.9928f,-2723.4062f
a6c21bd8b95249c7972820a7a7d76aff,MITxPRO+LASERxB1+1T2019,problem,202,Week 2: Products (2.5 hrs),34,75,-1149.8867f,-2752.501f
bb329d880ab54120adaf203a693bb203,MITxPRO+LASERxB1+1T2019,problem,203,Week 2: Products (2.5 hrs),34,83,-1071.593f,-2699.18f
b54257a550b94ebc9538f3a90eee9d7e,MITxPRO+LASERxB1+1T2019,html,204,Week 2: Products (2.5 hrs),14,25,-1485.8102f,-2670.283f
334c2344009840079b1d0e1b7ce3d5a7,MITxPRO+LASERxB1+1T2019,problem,205,Week 2: Products (2.5 hrs),34,84,-856.5207f,-2534.229f
d7f13c8d63ec4e2aa673fbb9cf9c6933,MITxPRO+LASERxB1+1T2019,html,206,Week 2: Products (2.5 hrs),34,243,-190.4726f,-2503.8909f
b9e80f77c3a44349863b19875725c384,MITxPRO+LASERxB1+1T2019,drag-and-drop-v2,207,Week 2: Products (2.5 hrs),34,633,-356.78882f,-2330.2292f
7108f0e4c2584f1f9c471689ae4c885c,MITxPRO+LASERxB1+1T2019,drag-and-drop-v2,208,Week 2: Products (2.5 hrs),34,527,-401.40768f,-2504.253f
a875096404ef4a9984b62d74cda916f9,MITxPRO+LASERxB1+1T2019,html,209,Week 2: Products (2.5 hrs),34,83,-390.01355f,-2946.1296f
09400e101c5d4b439cf9a26b03aae558,MITxPRO+LASERxB1+1T2019,video,210,Week 2: Products (2.5 hrs),34,188,-281.23907f,-2674.456f
1998bef364384a34ad2306761033cedc,MITxPRO+LASERxB1+1T2019,html,211,Week 2: Products (2.5 hrs),0,0,-1130.8115f,-3068.168f
a88efa7e50ce47159810ab553afa6d3a,MITxPRO+LASERxB1+1T2019,problem,212,Week 2: Products (2.5 hrs),34,232,-339.09805f,-2808.9033f
ec341f459285443b8361f7f15638ff08,MITxPRO+LASERxB1+1T2019,html,213,Week 2: Products (2.5 hrs),34,64,-71.41167f,-3090.9805f
be502a7a43c44bf7b682698de79d9369,MITxPRO+LASERxB1+1T2019,video,214,Week 2: Products (2.5 hrs),34,175,-266.55206f,-2975.2244f
f7fb1952f56b4189b86a9f8b7862d2b8,MITxPRO+LASERxB1+1T2019,drag-and-drop-v2,215,Week 2: Products (2.5 hrs),34,619,-310.2092f,-3120.4902f
b860ee85d8bc4a2f97958cfb71be3533,MITxPRO+LASERxB1+1T2019,problem,216,Week 2: Products (2.5 hrs),32,124,-163.74744f,-3141.8738f
01b2051f8941460d89945e3b02d1ce78,MITxPRO+LASERxB1+1T2019,html,217,Week 2: Products (2.5 hrs),34,64,71.53928f,-2859.6382f
363837c182e04711840d896ae1e0339c,MITxPRO+LASERxB1+1T2019,drag-and-drop-v2,218,Week 2: Products (2.5 hrs),34,568,58.129574f,-3013.9507f
be95c065e45447c1bd8215ea6f130c7a,MITxPRO+LASERxB1+1T2019,html,219,Week 2: Products (2.5 hrs),13,17,272.87976f,-3064.2083f
91125ca626c5470eb145501f8c37f8db,MITxPRO+LASERxB1+1T2019,problem,220,Week 2: Products (2.5 hrs),34,82,67.68585f,-2740.1572f
1c6721b1f63f4d30ba7746ea8af02a52,MITxPRO+LASERxB1+1T2019,html,221,Week 2: Products (2.5 hrs),34,298,455.69785f,-2318.5085f
77ecef8eff6b4a2caea7707669bf7475,MITxPRO+LASERxB1+1T2019,drag-and-drop-v2,222,Week 2: Products (2.5 hrs),34,515,323.6468f,-2441.278f
f7906d6f59b9489a91d2ef40db5a474d,MITxPRO+LASERxB1+1T2019,html,223,Week 2: Products (2.5 hrs),34,93,840.54987f,-2707.3425f
d03cb855c70044cf8c35d9ec0de696e3,MITxPRO+LASERxB1+1T2019,video,224,Week 2: Products (2.5 hrs),34,174,541.2145f,-2511.4546f
71aaf76e8b8941088a4073e9032a44b4,MITxPRO+LASERxB1+1T2019,html,225,Week 2: Products (2.5 hrs),0,0,-527.66113f,1010.5296f
a49a937d6896486d9a5396654abcf2e1,MITxPRO+LASERxB1+1T2019,problem,226,Week 2: Products (2.5 hrs),32,118,532.7735f,-2631.2952f
8b9ae98743bd4d4a8a87dff1c1244211,MITxPRO+LASERxB1+1T2019,drag-and-drop-v2,227,Week 2: Products (2.5 hrs),34,904,686.5317f,-2591.778f
5152833676bf4c6cb317060be10f68db,MITxPRO+LASERxB1+1T2019,html,228,Week 2: Products (2.5 hrs),34,84,1231.4012f,-2677.287f
2ab1535aac1346ba8801535bf729ef37,MITxPRO+LASERxB1+1T2019,video,229,Week 2: Products (2.5 hrs),34,195,960.94244f,-2739.0542f
779143882c9042b383843beddf87b3fa,MITxPRO+LASERxB1+1T2019,html,230,Week 2: Products (2.5 hrs),0,0,1014.64984f,-647.107f
a4f40fb48a8542c8949bae1f002cd9bc,MITxPRO+LASERxB1+1T2019,problem,231,Week 2: Products (2.5 hrs),34,139,1055.5496f,-2838.1064f
8972c23e32044edb8a78fa1eed4e5947,MITxPRO+LASERxB1+1T2019,problem,232,Week 2: Products (2.5 hrs),33,101,1151.185f,-2852.8037f
92feb4a40f8344d38b6f722e42a53295,MITxPRO+LASERxB1+1T2019,problem,233,Week 2: Products (2.5 hrs),33,109,1230.5101f,-2804.1936f
0b04c8e2f86d48c7aeb7e225819cd32b,MITxPRO+LASERxB1+1T2019,html,234,Week 2: Products (2.5 hrs),34,79,1072.6589f,-2367.8877f
ca3e28f290354c08aefe5b0f769604e6,MITxPRO+LASERxB1+1T2019,problem,235,Week 2: Products (2.5 hrs),34,311,1374.3582f,-2635.7378f
79a35eea833e4c2c9d22fc53c3c6445c,MITxPRO+LASERxB1+1T2019,problem,236,Week 2: Products (2.5 hrs),34,292,1458.4901f,-2531.7903f
8f68228b1518449e9615cdafee41a2bd,MITxPRO+LASERxB1+1T2019,problem,237,Week 2: Products (2.5 hrs),34,80,1417.5256f,-2427.563f
cab89fa5c3ed45a5aa550fc0352d6a42,MITxPRO+LASERxB1+1T2019,problem,238,Week 2: Products (2.5 hrs),34,155,1322.0157f,-2378.2568f
66d4fad4f1cf4b46be0750a99ad7a35a,MITxPRO+LASERxB1+1T2019,problem,239,Week 2: Products (2.5 hrs),33,72,1204.0012f,-2372.1035f
64dbedb3ce544f6aae8e10e0cf10f16d,MITxPRO+LASERxB1+1T2019,html,240,Week 2: Products (2.5 hrs),11,18,979.6233f,-2211.2454f
f53da5fd9bfe412da4b80d4742563b6c,MITxPRO+LASERxB1+1T2019,problem,241,Week 2: Products (2.5 hrs),33,87,750.0634f,-2225.483f
2ae94c0cea4d480a9d5dca8fb1d7b542,MITxPRO+LASERxB1+1T2019,html,242,Week 2: Products (2.5 hrs),33,281,431.31583f,-1444.3524f
b48100e167b24c7782f6f5ba968c9fdb,MITxPRO+LASERxB1+1T2019,html,243,Week 2: Products (2.5 hrs),2,4,69.4688f,-1113.0627f
ba660431f382464f9801f95858171daa,MITxPRO+LASERxB1+1T2019,html,244,Week 2: Products (2.5 hrs),0,0,-547.2829f,-249.34705f
1ebf23f9d994469a85206e4c7b1bf5f5,MITxPRO+LASERxB1+1T2019,drag-and-drop-v2,245,Week 2: Products (2.5 hrs),33,473,328.3129f,-1673.1993f
85ae675b83e8422da842cfd25596af99,MITxPRO+LASERxB1+1T2019,problem,246,Week 2: Products (2.5 hrs),31,75,456.8931f,-1617.0259f
6e83e23f56544a19b94067c1c558d9c0,MITxPRO+LASERxB1+1T2019,html,247,Week 2: Products (2.5 hrs),33,105,801.3904f,-1719.5896f
cb682a0863c547cdb3eae22ea90cdde7,MITxPRO+LASERxB1+1T2019,html,248,Week 2: Products (2.5 hrs),0,0,4.690083f,262.2155f
8ac16c1e05274e32b10f3e287911426a,MITxPRO+LASERxB1+1T2019,html,249,Week 2: Products (2.5 hrs),0,0,-494.65054f,1029.1827f
30c9ba177afc49a695625d2bdec40207,MITxPRO+LASERxB1+1T2019,problem,250,Week 2: Products (2.5 hrs),28,102,676.0414f,-1766.4258f
d546341988904f069cfa86b21457d9d9,MITxPRO+LASERxB1+1T2019,html,251,Week 2: Products (2.5 hrs),33,78,1101.4353f,-1572.0005f
fa235f0f364d47e4ae1c87f47bf8e6ba,MITxPRO+LASERxB1+1T2019,video,252,Week 2: Products (2.5 hrs),24,149,602.16034f,-1578.5707f
8376e91a1246496385cb17058ce0facb,MITxPRO+LASERxB1+1T2019,html,253,Week 2: Products (2.5 hrs),0,0,-332.8416f,762.222f
79f7845465cc4ed19d8e4f1429541be0,MITxPRO+LASERxB1+1T2019,problem,254,Week 2: Products (2.5 hrs),24,85,710.60706f,-1624.405f
d989ebcfc12a4b669f0100dc1aa14f1e,MITxPRO+LASERxB1+1T2019,html,255,Week 2: Products (2.5 hrs),33,71,916.6644f,-1292.8297f
00f61990949545828dd12f1303d47504,MITxPRO+LASERxB1+1T2019,video,256,Week 2: Products (2.5 hrs),33,150,934.56494f,-1727.9756f
b2389297ba624efebda5a6e711d70572,MITxPRO+LASERxB1+1T2019,html,257,Week 2: Products (2.5 hrs),0,0,478.12735f,130.21275f
ead7bb4b64e247d2ae632ab8a296b091,MITxPRO+LASERxB1+1T2019,problem,258,Week 2: Products (2.5 hrs),32,112,1080.9988f,-1797.1049f
41b0048dde734bb280bac6116baa8e27,MITxPRO+LASERxB1+1T2019,problem,259,Week 2: Products (2.5 hrs),33,130,1178.1808f,-1774.7069f
b41c5a094a604ee0915327da5cc0beb7,MITxPRO+LASERxB1+1T2019,problem,260,Week 2: Products (2.5 hrs),32,130,1196.5604f,-1674.8429f
7aa76d3e993840d8805f097cbdbcd44b,MITxPRO+LASERxB1+1T2019,html,261,Week 2: Products (2.5 hrs),33,76,638.1735f,-1126.4402f
bc35c50e57414592b7d27a7d7c34bc3e,MITxPRO+LASERxB1+1T2019,html,262,Week 2: Products (2.5 hrs),0,0,795.2275f,-751.8738f
3c16bacf5b4b4f8aacff9b2e59e24bca,MITxPRO+LASERxB1+1T2019,html,263,Week 2: Products (2.5 hrs),0,0,898.0227f,-833.3854f
28c171777c52431ab6b925073bd63d46,MITxPRO+LASERxB1+1T2019,problem,264,Week 2: Products (2.5 hrs),33,269,1106.916f,-1438.2532f
ccf8015cc62548eda46f85490c6b2084,MITxPRO+LASERxB1+1T2019,html,265,Week 2: Products (2.5 hrs),0,0,-418.9439f,-1068.2665f
ac160db940cb49ae8579162b1d52bb5d,MITxPRO+LASERxB1+1T2019,problem,266,Week 2: Products (2.5 hrs),33,232,1022.974f,-1344.5925f
7028800abe7d4e27b613d1d6cbe26bf7,MITxPRO+LASERxB1+1T2019,html,267,Week 2: Products (2.5 hrs),10,26,406.52252f,-1086.9247f
c6fd49b485cc4874b0bbdd9c6171e09c,MITxPRO+LASERxB1+1T2019,problem,268,Week 2: Products (2.5 hrs),33,232,847.8758f,-1181.9905f
44240778a97c4af0937817499b75707b,MITxPRO+LASERxB1+1T2019,problem,269,Week 2: Products (2.5 hrs),33,122,749.9056f,-1128.6359f
590fb7d4bca1466bacd357c1a234907c,MITxPRO+LASERxB1+1T2019,html,270,Week 2: Products (2.5 hrs),1,1,17.461895f,-1531.5167f
865a4d3b43374da7944dc7d397f566d9,MITxPRO+LASERxB1+1T2019,problem,271,Week 2: Products (2.5 hrs),33,73,539.9363f,-1167.3376f
0d987bed3ffa4ed0b9a2e62e97b7b30f,MITxPRO+LASERxB1+1T2019,html,272,Week 2: Products (2.5 hrs),34,386,295.94217f,-616.5866f
10c616d641cd42729083e0a5575fb8ea,MITxPRO+LASERxB1+1T2019,html,273,Week 2: Products (2.5 hrs),0,0,-424.75067f,1081.8873f
ecf5f1a3754c487589496d10a397f977,MITxPRO+LASERxB1+1T2019,html,274,Week 2: Products (2.5 hrs),1,2,666.5353f,-598.6017f
82ae07bc0c9b4570a41799290d1ef399,MITxPRO+LASERxB1+1T2019,html,275,Week 2: Products (2.5 hrs),34,153,122.361946f,-553.8258f
a39da0ce33404aa7aeef29af014da204,MITxPRO+LASERxB1+1T2019,html,276,Week 2: Products (2.5 hrs),0,0,967.8409f,75.5507f
f3c2cd4abb7a4fa8bfb9ebadecb9203d,MITxPRO+LASERxB1+1T2019,html,277,Week 2: Products (2.5 hrs),0,0,770.7225f,862.17584f
4b783ddfe6334f7ba5d08e3f2bf275e4,MITxPRO+LASERxB1+1T2019,html,278,Week 2: Products (2.5 hrs),0,0,-448.31393f,1040.6122f
bc5524e78a8544e2ae2fdc2f3462bbec,MITxPRO+LASERxB1+1T2019,html,279,Week 2: Products (2.5 hrs),24,68,0.92989266f,-475.5286f
bb5a47f5ea01454a8b79455422d3b9da,MITxPRO+LASERxB1+1T2019,openassessment,280,Week 2: Products (2.5 hrs),33,2955,183.86655f,-378.93707f
94cecc3f1e7d484b8e068e79241dfd73,MITxPRO+LASERxB1+1T2019,html,281,Week 2: Products (2.5 hrs),32,122,490.9249f,-310.2186f
d720793a14624748903a1f7f817b7ca6,MITxPRO+LASERxB1+1T2019,html,282,Week 2: Products (2.5 hrs),0,0,-325.7919f,1226.8335f
a37477c4e4c14169ad44b06b493007f6,MITxPRO+LASERxB1+1T2019,lti_consumer,283,Week 2: Products (2.5 hrs),32,70,496.4166f,-185.473f
fab84b4fab5940efb4ea868ef8d09396,MITxPRO+LASERxB1+1T2019,html,284,Week 2: Products (2.5 hrs),32,117,835.77515f,-129.44446f
4a29443515bb404cb8924e1c60a63b73,MITxPRO+LASERxB1+1T2019,html,285,Week 3: Capability Work (2.5 hrs),34,364,1505.3463f,-365.47598f
572ece25224b40438864a7f65e24a4c9,MITxPRO+LASERxB1+1T2019,html,286,Week 3: Capability Work (2.5 hrs),0,0,904.421f,257.46774f
a44e39b057914e0fb4fa95d0fd6b8060,MITxPRO+LASERxB1+1T2019,html,287,Week 3: Capability Work (2.5 hrs),1,1,1029.1981f,246.0426f
208c9b2796c944db8dacaa96082520ea,MITxPRO+LASERxB1+1T2019,video,288,Week 3: Capability Work (2.5 hrs),34,188,1308.1517f,-234.04874f
6a9a3b5bde4a48daa896fe8c06eca56f,MITxPRO+LASERxB1+1T2019,html,289,Week 3: Capability Work (2.5 hrs),33,72,1204.3839f,-510.3127f
b9fbcb8c33b14f58925572b0b81e8e17,MITxPRO+LASERxB1+1T2019,html,290,Week 3: Capability Work (2.5 hrs),0,0,1049.1926f,281.0747f
7669a956527947d0add87455277e80b4,MITxPRO+LASERxB1+1T2019,problem,291,Week 3: Capability Work (2.5 hrs),33,82,1299.57f,-486.1856f
34a6e49023fc4465bd5ca604330bbd1c,MITxPRO+LASERxB1+1T2019,html,292,Week 3: Capability Work (2.5 hrs),33,61,1240.7959f,-801.7984f
869e967078f04da18dd0b0b9389a7424,MITxPRO+LASERxB1+1T2019,video,293,Week 3: Capability Work (2.5 hrs),33,149,1183.9851f,-611.38873f
430ed830a139406187ccf193f509331a,MITxPRO+LASERxB1+1T2019,html,294,Week 3: Capability Work (2.5 hrs),0,0,-284.42905f,-1106.8815f
51ab6291537748fab90d519aa09889d6,MITxPRO+LASERxB1+1T2019,problem,295,Week 3: Capability Work (2.5 hrs),32,249,1151.7888f,-732.1923f
21592f2a9e9c4b2f8c66ec5dbcbf6a2b,MITxPRO+LASERxB1+1T2019,html,296,Week 3: Capability Work (2.5 hrs),33,52,1306.8306f,-918.64233f
8c994ada7d934fc1b1b89f3119ffb7a4,MITxPRO+LASERxB1+1T2019,html,297,Week 3: Capability Work (2.5 hrs),0,0,-378.81564f,-1037.7784f
7646a919d7e64fa990bca9b024ff089d,MITxPRO+LASERxB1+1T2019,html,298,Week 3: Capability Work (2.5 hrs),33,62,1620.0276f,-852.06f
ba0e59461bfb4a44b7b1c28a01f8d3b3,MITxPRO+LASERxB1+1T2019,video,299,Week 3: Capability Work (2.5 hrs),33,123,1411.8811f,-910.6649f
c6697655493e4e5aba80361043e386ff,MITxPRO+LASERxB1+1T2019,html,300,Week 3: Capability Work (2.5 hrs),0,0,-953.9206f,636.0636f
0e0b36e731a645e7b1b8a88f5031ca38,MITxPRO+LASERxB1+1T2019,problem,301,Week 3: Capability Work (2.5 hrs),33,190,1495.7924f,-1001.02014f
a66a144637284c21afc6de17fea4bfb8,MITxPRO+LASERxB1+1T2019,problem,302,Week 3: Capability Work (2.5 hrs),33,118,1591.4143f,-955.7035f
2c5bb2cbd0014420ad8c95d40e38efd1,MITxPRO+LASERxB1+1T2019,html,303,Week 3: Capability Work (2.5 hrs),9,13,1537.7899f,-713.074f
e390b575229748ea8aac9364efe2bf00,MITxPRO+LASERxB1+1T2019,problem,304,Week 3: Capability Work (2.5 hrs),33,73,1701.9401f,-773.1916f
3434c10e561d488a914e0f7d71907abd,MITxPRO+LASERxB1+1T2019,html,305,Week 3: Capability Work (2.5 hrs),33,216,2115.6836f,-1131.3232f
56348f6a70c0486ab1d54c21766d6ae5,MITxPRO+LASERxB1+1T2019,html,306,Week 3: Capability Work (2.5 hrs),0,0,-557.3798f,1024.0935f
53e7e900392747ccad52e711ab0f80d8,MITxPRO+LASERxB1+1T2019,video,307,Week 3: Capability Work (2.5 hrs),33,181,1941.909f,-1119.1881f
141c0df6cd1946539aadd1c9b7068cd4,MITxPRO+LASERxB1+1T2019,html,308,Week 3: Capability Work (2.5 hrs),33,55,1975.9467f,-1701.3055f
130acc2aeb0448fdbb2de63bc5cebe5b,MITxPRO+LASERxB1+1T2019,video,309,Week 3: Capability Work (2.5 hrs),33,128,2010.0968f,-1347.7506f
39869ddb0f894074961f83a3a2139b3f,MITxPRO+LASERxB1+1T2019,html,310,Week 3: Capability Work (2.5 hrs),0,0,120.21142f,131.22495f
9c062b3251034ebe90f5054e2a3b5120,MITxPRO+LASERxB1+1T2019,problem,311,Week 3: Capability Work (2.5 hrs),33,131,1933.5072f,-1449.8954f
ea859f8207e44537889daeaba13ac2e8,MITxPRO+LASERxB1+1T2019,problem,312,Week 3: Capability Work (2.5 hrs),33,147,1879.045f,-1536.5879f
56d94971a7a94257aa330183a8ebd0ea,MITxPRO+LASERxB1+1T2019,problem,313,Week 3: Capability Work (2.5 hrs),32,100,1895.476f,-1634.3193f
0c787d16c9504873b1a4d903cec09948,MITxPRO+LASERxB1+1T2019,html,314,Week 3: Capability Work (2.5 hrs),33,56,2093.576f,-1893.8892f
da2a7bc1998b4d48be46c050a1ac8ff7,MITxPRO+LASERxB1+1T2019,html,315,Week 3: Capability Work (2.5 hrs),0,0,340.08032f,199.09395f
16593e49f7584ef286ebbfc96d4cbfcc,MITxPRO+LASERxB1+1T2019,html,316,Week 3: Capability Work (2.5 hrs),0,0,414.7289f,664.77106f
13255e63e0aa4abf85e5211bf613d43e,MITxPRO+LASERxB1+1T2019,problem,317,Week 3: Capability Work (2.5 hrs),33,78,2026.6315f,-1803.7358f
8d7e0b55cf9849cda222a0f2440cec55,MITxPRO+LASERxB1+1T2019,html,318,Week 3: Capability Work (2.5 hrs),33,62,2351.212f,-1821.015f
86c27d40179e419c8e9d150fb6afa5d0,MITxPRO+LASERxB1+1T2019,video,319,Week 3: Capability Work (2.5 hrs),33,139,2204.8533f,-1866.8309f
b4659dfbe6fc4d06b35fb87a1a148359,MITxPRO+LASERxB1+1T2019,html,320,Week 3: Capability Work (2.5 hrs),0,0,1078.5504f,-422.33063f
053a7bf6d872441097591e7a7a049be5,MITxPRO+LASERxB1+1T2019,html,321,Week 3: Capability Work (2.5 hrs),0,0,-385.75446f,921.2346f
3628bdce1dd2429ba924d2d4d09448d2,MITxPRO+LASERxB1+1T2019,html,322,Week 3: Capability Work (2.5 hrs),33,61,2388.2236f,-1546.512f
24f1363179ad4aaa965484a78471912b,MITxPRO+LASERxB1+1T2019,video,323,Week 3: Capability Work (2.5 hrs),33,136,2400.444f,-1699.897f
7371136bec7e48e7895eedb6138e1ce1,MITxPRO+LASERxB1+1T2019,html,324,Week 3: Capability Work (2.5 hrs),0,0,762.3718f,-1016.4721f
b29c33c1a91e4c4796f5de5feef0e06b,MITxPRO+LASERxB1+1T2019,html,325,Week 3: Capability Work (2.5 hrs),0,0,-498.9332f,-226.99377f
47edbb64109243e6b0f8f64cdef90c6c,MITxPRO+LASERxB1+1T2019,lti_consumer,326,Week 3: Capability Work (2.5 hrs),33,67,2467.5242f,-1797.6123f
43ea1b823a4b4e51b7c694c10725db82,MITxPRO+LASERxB1+1T2019,html,327,Week 3: Capability Work (2.5 hrs),8,13,2673.4468f,-1591.7354f
56b3fd1a212a4764be39d979fde3326e,MITxPRO+LASERxB1+1T2019,problem,328,Week 3: Capability Work (2.5 hrs),33,71,2340.155f,-1342.1145f
0c4079457ede49e3aeb5e86ed84bdf35,MITxPRO+LASERxB1+1T2019,html,329,Week 3: Capability Work (2.5 hrs),34,236,2546.4136f,-659.7034f
e3d8dd3e10e64c87b04e410b519c4680,MITxPRO+LASERxB1+1T2019,html,330,Week 3: Capability Work (2.5 hrs),0,0,1148.0173f,837.0395f
38aea304b4fa46e1b29bb72f5cea4c93,MITxPRO+LASERxB1+1T2019,video,331,Week 3: Capability Work (2.5 hrs),34,186,2360.4265f,-581.7658f
c002a3c1652d496eb39622d2602116e4,MITxPRO+LASERxB1+1T2019,html,332,Week 3: Capability Work (2.5 hrs),0,0,-489.40076f,958.4645f
e36d261332f14e79bb4b467aceaeb9b5,MITxPRO+LASERxB1+1T2019,problem,333,Week 3: Capability Work (2.5 hrs),34,82,2238.5237f,-632.4624f
c7e89b9d04744d2eab742fc24e3ef1ae,MITxPRO+LASERxB1+1T2019,problem,334,Week 3: Capability Work (2.5 hrs),33,142,2233.2512f,-724.2084f
fe49f8054b374a0ea4bb266ed135ff62,MITxPRO+LASERxB1+1T2019,problem,335,Week 3: Capability Work (2.5 hrs),33,130,2312.9036f,-778.14813f
d0a8f74af98642fe8360d22c42e45117,MITxPRO+LASERxB1+1T2019,problem,336,Week 3: Capability Work (2.5 hrs),33,112,2405.5378f,-764.7763f
b8b9418ab322418d9db9b40d96af873a,MITxPRO+LASERxB1+1T2019,html,337,Week 3: Capability Work (2.5 hrs),34,61,2777.1606f,-865.6926f
c1d727a16f6d4e499496009622516e42,MITxPRO+LASERxB1+1T2019,html,338,Week 3: Capability Work (2.5 hrs),0,0,2671.9092f,-364.60852f
a7c6339ca1da4368a18d471f0519f877,MITxPRO+LASERxB1+1T2019,problem,339,Week 3: Capability Work (2.5 hrs),34,74,2692.879f,-791.2696f
c2490bc612d146edbe786556fab3651b,MITxPRO+LASERxB1+1T2019,html,340,Week 3: Capability Work (2.5 hrs),34,76,2904.2124f,-678.25653f
bbc5139ca9024389a94db3a6f47dcff6,MITxPRO+LASERxB1+1T2019,video,341,Week 3: Capability Work (2.5 hrs),34,161,2891.3645f,-857.03827f
19893fec4c0d434cbd1f12a347c991a1,MITxPRO+LASERxB1+1T2019,html,342,Week 3: Capability Work (2.5 hrs),0,0,-586.30695f,1029.6688f
4ee6ca9019ab4a1ab323f98094a9bd77,MITxPRO+LASERxB1+1T2019,problem,343,Week 3: Capability Work (2.5 hrs),34,138,3016.465f,-856.05725f
b37947176785476f8b29d49a851366dc,MITxPRO+LASERxB1+1T2019,problem,344,Week 3: Capability Work (2.5 hrs),34,115,3067.337f,-776.32367f
fcea5b10d5a14a3b9324ffece8f6e1e5,MITxPRO+LASERxB1+1T2019,problem,345,Week 3: Capability Work (2.5 hrs),34,147,3006.9382f,-702.93744f
4a92daef4d504e1792575a26502bb7b7,MITxPRO+LASERxB1+1T2019,html,346,Week 3: Capability Work (2.5 hrs),12,18,2920.8738f,-1035.9905f
6ac8bb048b854999a47edb35fe627f11,MITxPRO+LASERxB1+1T2019,problem,347,Week 3: Capability Work (2.5 hrs),34,78,2804.1992f,-580.8435f
30ead9794d4847abaf222ca966cc8630,MITxPRO+LASERxB1+1T2019,html,348,Week 3: Capability Work (2.5 hrs),34,211,2539.2974f,97.060616f
568fab6c935d4be6925c261344494c53,MITxPRO+LASERxB1+1T2019,html,349,Week 3: Capability Work (2.5 hrs),1,2,959.2765f,1096.807f
658eea055f3b4a25b77736d6ce95d29a,MITxPRO+LASERxB1+1T2019,html,350,Week 3: Capability Work (2.5 hrs),0,0,36.497597f,241.65953f
c20993c944444fe085345591a8bd837e,MITxPRO+LASERxB1+1T2019,survey,351,Week 3: Capability Work (2.5 hrs),34,227,2854.6006f,-137.73578f
897b7f51242c44aab2205c72fdcbf4cd,MITxPRO+LASERxB1+1T2019,poll,352,Week 3: Capability Work (2.5 hrs),34,251,2947.7493f,-21.951185f
09b9678ddc3d452ea4a3d46e15826065,MITxPRO+LASERxB1+1T2019,poll,353,Week 3: Capability Work (2.5 hrs),34,251,2996.0164f,-148.9539f
eff0de7f2dbb42dfa1a2e686efab5b6d,MITxPRO+LASERxB1+1T2019,poll,354,Week 3: Capability Work (2.5 hrs),34,251,2799.568f,-2.1224926f
1ba8fef685d74a8194b9db252eb704fb,MITxPRO+LASERxB1+1T2019,html,355,Week 3: Capability Work (2.5 hrs),34,66,2968.9978f,633.5879f
82662996e73d4e4c812e65ddf0fc99c1,MITxPRO+LASERxB1+1T2019,html,356,Week 3: Capability Work (2.5 hrs),0,0,954.9298f,1137.5433f
2fe14166dc9642c3bc666b86a57f943d,MITxPRO+LASERxB1+1T2019,video,357,Week 3: Capability Work (2.5 hrs),33,176,2796.495f,272.32248f
b7e414253181435db7d63b239030934a,MITxPRO+LASERxB1+1T2019,html,358,Week 3: Capability Work (2.5 hrs),0,0,837.03973f,-985.82697f
44421dd1e13a47a388c4a19834b744c7,MITxPRO+LASERxB1+1T2019,problem,359,Week 3: Capability Work (2.5 hrs),34,114,2999.5608f,341.5791f
cb5fc7ef85d547c4be1a7439d0bf6052,MITxPRO+LASERxB1+1T2019,problem,360,Week 3: Capability Work (2.5 hrs),34,152,3092.6265f,392.97742f
0a8f150a4cf747acbde62f4721823da3,MITxPRO+LASERxB1+1T2019,problem,361,Week 3: Capability Work (2.5 hrs),33,132,3145.207f,483.34747f
ab8fdad974ae471f9f24c3f9dd04462e,MITxPRO+LASERxB1+1T2019,problem,362,Week 3: Capability Work (2.5 hrs),33,106,3109.1816f,577.02704f
f00179e251a045b39c3f7a54f9aa4acc,MITxPRO+LASERxB1+1T2019,html,363,Week 3: Capability Work (2.5 hrs),34,58,2725.595f,736.67737f
52580888dadb4fe3baa795683ea227bd,MITxPRO+LASERxB1+1T2019,video,364,Week 3: Capability Work (2.5 hrs),34,131,2842.6597f,676.584f
072a190fd302456290895f9f04d6940a,MITxPRO+LASERxB1+1T2019,html,365,Week 3: Capability Work (2.5 hrs),34,57,2539.1343f,614.6182f
492a3bc6a1254f23a7998587961b22a4,MITxPRO+LASERxB1+1T2019,video,366,Week 3: Capability Work (2.5 hrs),34,104,2640.7107f,677.4844f
c76574d21bc14aeea7ecd0b027f39858,MITxPRO+LASERxB1+1T2019,html,367,Week 3: Capability Work (2.5 hrs),18,32,2627.2056f,456.19022f
4894febf79464162afc4924745282de4,MITxPRO+LASERxB1+1T2019,html,368,Week 3: Capability Work (2.5 hrs),0,0,1103.6622f,-419.3434f
cfa457d1743848e4bb5e4beced6448ed,MITxPRO+LASERxB1+1T2019,problem,369,Week 3: Capability Work (2.5 hrs),33,79,2408.5754f,414.21198f
b71bac264efb4abd97015447bd490db6,MITxPRO+LASERxB1+1T2019,html,370,Week 3: Capability Work (2.5 hrs),34,290,1763.8684f,339.22534f
0c4193e7b92640a8bed63453172d333b,MITxPRO+LASERxB1+1T2019,html,371,Week 3: Capability Work (2.5 hrs),0,0,421.29648f,-717.7469f
fc0771786a1e405986933843fdfd7eda,MITxPRO+LASERxB1+1T2019,html,372,Week 3: Capability Work (2.5 hrs),1,2,2039.8596f,26.021809f
1b4550d0dab04078b3bf08a655345bdc,MITxPRO+LASERxB1+1T2019,html,373,Week 3: Capability Work (2.5 hrs),20,35,1556.0553f,271.60355f
8d448d625b024c82a5eb240bbd7431d6,MITxPRO+LASERxB1+1T2019,openassessment,374,Week 3: Capability Work (2.5 hrs),33,2343,1852.9171f,546.1978f
d6d02b6ef04e4f17805504500b8ce441,MITxPRO+LASERxB1+1T2019,lti_consumer,375,Week 3: Capability Work (2.5 hrs),31,547,1480.0948f,563.5745f
66baf19b6b904b70922329068c63746d,MITxPRO+LASERxB1+1T2019,html,376,Week 4: The Four Principles of Dynamic Work Design (2.5 hrs),34,352,1603.0422f,1483.1989f
a355d80f03d64640b19cd1f1c5ea01fc,MITxPRO+LASERxB1+1T2019,html,377,Week 4: The Four Principles of Dynamic Work Design (2.5 hrs),1,2,774.8795f,632.611f
7f544639412e40a9ba27f43b415362ab,MITxPRO+LASERxB1+1T2019,video,378,Week 4: The Four Principles of Dynamic Work Design (2.5 hrs),34,204,1384.3949f,1316.9094f
1f80a3186d46467197068c785d785510,MITxPRO+LASERxB1+1T2019,html,379,Week 4: The Four Principles of Dynamic Work Design (2.5 hrs),0,0,-590.4309f,996.56195f
d5ae8642e15b46b8bd298b02274d4e9c,MITxPRO+LASERxB1+1T2019,problem,380,Week 4: The Four Principles of Dynamic Work Design (2.5 hrs),33,112,1393.4624f,1156.365f
a0d10309a2dd456289147f84be9d37f9,MITxPRO+LASERxB1+1T2019,problem,381,Week 4: The Four Principles of Dynamic Work Design (2.5 hrs),34,112,1486.8892f,1149.1224f
0fcbc3ca07b144138b8d85da581f09a8,MITxPRO+LASERxB1+1T2019,problem,382,Week 4: The Four Principles of Dynamic Work Design (2.5 hrs),34,160,1545.9612f,1222.1237f
c2fca3669923477ab966ded303dea31c,MITxPRO+LASERxB1+1T2019,html,383,Week 4: The Four Principles of Dynamic Work Design (2.5 hrs),34,57,2103.312f,1533.593f
da8bc5547a9941a8b30bf4af81f0c9b5,MITxPRO+LASERxB1+1T2019,html,384,Week 4: The Four Principles of Dynamic Work Design (2.5 hrs),0,0,-431.9619f,922.58844f
ea7da9aa77de47aeb8418dc489d62bb4,MITxPRO+LASERxB1+1T2019,html,385,Week 4: The Four Principles of Dynamic Work Design (2.5 hrs),0,0,-1006.8101f,667.4541f
471e8615e87449fda771b9f8dad09342,MITxPRO+LASERxB1+1T2019,html,386,Week 4: The Four Principles of Dynamic Work Design (2.5 hrs),0,0,518.5738f,276.4651f
18d3b836dd804224883cc9180b60a8e1,MITxPRO+LASERxB1+1T2019,html,387,Week 4: The Four Principles of Dynamic Work Design (2.5 hrs),34,59,2328.9275f,1518.9819f
4890121ce5d74576b4632b77cfc23398,MITxPRO+LASERxB1+1T2019,video,388,Week 4: The Four Principles of Dynamic Work Design (2.5 hrs),34,109,2197.5156f,1518.8967f
17f95d18bab743888e1736033dc3384d,MITxPRO+LASERxB1+1T2019,html,389,Week 4: The Four Principles of Dynamic Work Design (2.5 hrs),34,79,2386.7214f,1251.7673f
96bb2b3e85a34d8b9544514e89f6fe97,MITxPRO+LASERxB1+1T2019,video,390,Week 4: The Four Principles of Dynamic Work Design (2.5 hrs),34,143,2397.8035f,1434.495f
f5eff82732574037ba029c9a64474b11,MITxPRO+LASERxB1+1T2019,html,391,Week 4: The Four Principles of Dynamic Work Design (2.5 hrs),0,0,-515.24854f,1049.1007f
ac4e9b54acfe4670b4634859c7263cb5,MITxPRO+LASERxB1+1T2019,problem,392,Week 4: The Four Principles of Dynamic Work Design (2.5 hrs),32,92,2464.4968f,1333.2826f
f7002c8484354eceac57bc7bd62c76c1,MITxPRO+LASERxB1+1T2019,html,393,Week 4: The Four Principles of Dynamic Work Design (2.5 hrs),34,74,2165.9504f,1215.758f
6f8881a745ac4c358a68b92c3b4abe81,MITxPRO+LASERxB1+1T2019,video,394,Week 4: The Four Principles of Dynamic Work Design (2.5 hrs),34,161,2284.0784f,1221.042f
0c12af0a4e7f4002852cf84b2537c161,MITxPRO+LASERxB1+1T2019,html,395,Week 4: The Four Principles of Dynamic Work Design (2.5 hrs),34,61,1988.4989f,1282.4237f
253892f03a3a4708bd40d5e665ed9e21,MITxPRO+LASERxB1+1T2019,html,396,Week 4: The Four Principles of Dynamic Work Design (2.5 hrs),0,0,-853.70447f,-295.71906f
44a277ea44dc4ae689fab4b82f0b4098,MITxPRO+LASERxB1+1T2019,problem,397,Week 4: The Four Principles of Dynamic Work Design (2.5 hrs),34,79,2064.444f,1231.4037f
df8191ec5e584c838a899c378941a566,MITxPRO+LASERxB1+1T2019,html,398,Week 4: The Four Principles of Dynamic Work Design (2.5 hrs),10,13,1897.8138f,1076.3138f
859e0b8d71694b12befb69ee698138f9,MITxPRO+LASERxB1+1T2019,problem,399,Week 4: The Four Principles of Dynamic Work Design (2.5 hrs),34,75,1891.7006f,1388.2754f
2b09a08242b54983aec7063990fb3f66,MITxPRO+LASERxB1+1T2019,video,400,Week 4: The Four Principles of Dynamic Work Design (2.5 hrs),34,416,1743.4769f,2027.0792f
1f471b7a883a4df48211e8c6a81b59a7,MITxPRO+LASERxB1+1T2019,problem,401,Week 4: The Four Principles of Dynamic Work Design (2.5 hrs),34,85,1610.9938f,2007.7246f
d0d286b8573b47fc807bdca687083cfb,MITxPRO+LASERxB1+1T2019,html,402,Week 4: The Four Principles of Dynamic Work Design (2.5 hrs),0,0,-463.4907f,-1068.2964f
1157bd665ec4472fb58b751dc5099355,MITxPRO+LASERxB1+1T2019,html,403,Week 4: The Four Principles of Dynamic Work Design (2.5 hrs),34,70,2052.3677f,2011.0465f
9de0d567bfa84fe5b77cb76f4a76a5d1,MITxPRO+LASERxB1+1T2019,problem,404,Week 4: The Four Principles of Dynamic Work Design (2.5 hrs),34,90,1958.1523f,2006.2231f
3c8a22d2f9c146ea956609e3ed4f2559,MITxPRO+LASERxB1+1T2019,html,405,Week 4: The Four Principles of Dynamic Work Design (2.5 hrs),32,56,2211.6855f,2024.7146f
58fc9094275e4c49be3f4ba6d4acc0a4,MITxPRO+LASERxB1+1T2019,video,406,Week 4: The Four Principles of Dynamic Work Design (2.5 hrs),34,189,2284.5571f,2115.3984f
c1c1be90b2b14c1ab4a5e1ee3c241902,MITxPRO+LASERxB1+1T2019,problem,407,Week 4: The Four Principles of Dynamic Work Design (2.5 hrs),33,223,2194.552f,2188.079f
02b3a1bead9244c1ba2f857c7da8f82a,MITxPRO+LASERxB1+1T2019,video,408,Week 4: The Four Principles of Dynamic Work Design (2.5 hrs),34,166,2320.9768f,2256.907f
6206fc6479014bb193084c32409dc1b9,MITxPRO+LASERxB1+1T2019,problem,409,Week 4: The Four Principles of Dynamic Work Design (2.5 hrs),33,122,2429.6719f,2297.789f
6a5f020451db426dacba9e2ea3fcc62a,MITxPRO+LASERxB1+1T2019,video,410,Week 4: The Four Principles of Dynamic Work Design (2.5 hrs),34,183,2264.5845f,2389.1895f
33a9d248b2e44588a5b07fc1342b9bc2,MITxPRO+LASERxB1+1T2019,video,411,Week 4: The Four Principles of Dynamic Work Design (2.5 hrs),34,207,2148.0093f,2462.8735f
c6f26bd420634f1cb7989e76fe6b16c0,MITxPRO+LASERxB1+1T2019,problem,412,Week 4: The Four Principles of Dynamic Work Design (2.5 hrs),32,205,2031.9229f,2409.2805f
2a65ee6e2ac64f6a8a55fbe5373ec763,MITxPRO+LASERxB1+1T2019,problem,413,Week 4: The Four Principles of Dynamic Work Design (2.5 hrs),33,109,2116.7756f,2352.1755f
687055dad9fc40c3982478fe33ec01bf,MITxPRO+LASERxB1+1T2019,html,414,Week 4: The Four Principles of Dynamic Work Design (2.5 hrs),34,67,1876.2086f,2483.7341f
1fd0f6dadbc14ebc965faf6122190b96,MITxPRO+LASERxB1+1T2019,problem,415,Week 4: The Four Principles of Dynamic Work Design (2.5 hrs),34,83,1976.9297f,2534.334f
2add1669f08d4101913db15f8c23b3b7,MITxPRO+LASERxB1+1T2019,problem,416,Week 4: The Four Principles of Dynamic Work Design (2.5 hrs),34,86,1766.2434f,2413.6243f
a2b4bd40cee2481ebd3fc179d6a5cd62,MITxPRO+LASERxB1+1T2019,html,417,Week 4: The Four Principles of Dynamic Work Design (2.5 hrs),34,232,1366.4873f,2417.863f
4112ff99f0fd4d0fb8f4cbbcb34436d4,MITxPRO+LASERxB1+1T2019,html,418,Week 4: The Four Principles of Dynamic Work Design (2.5 hrs),0,0,1165.3555f,2025.7161f
e34e59dce2204f228f3a84b6725df60f,MITxPRO+LASERxB1+1T2019,problem,419,Week 4: The Four Principles of Dynamic Work Design (2.5 hrs),34,80,1392.2112f,2298.2588f
bec48fc2e1294c7eb3d0aca780d731b8,MITxPRO+LASERxB1+1T2019,video,420,Week 4: The Four Principles of Dynamic Work Design (2.5 hrs),34,199,1257.717f,2323.5525f
3fec92ad186c423d818a522c6ce08604,MITxPRO+LASERxB1+1T2019,html,421,Week 4: The Four Principles of Dynamic Work Design (2.5 hrs),1,2,1093.7505f,1993.4631f
dbde19fcce2a4c1abdc7f685c293a23f,MITxPRO+LASERxB1+1T2019,html,422,Week 4: The Four Principles of Dynamic Work Design (2.5 hrs),34,55,1161.9784f,2370.1584f
23c4f975457c49199a59bfbc5150e425,MITxPRO+LASERxB1+1T2019,html,423,Week 4: The Four Principles of Dynamic Work Design (2.5 hrs),0,0,1005.7123f,-369.71918f
d83c5c9ee3df49f38c3dda6fcc3184da,MITxPRO+LASERxB1+1T2019,html,424,Week 4: The Four Principles of Dynamic Work Design (2.5 hrs),0,0,-298.74332f,-1008.0506f
a24600b0e49245f6bdba8c893cfeddb0,MITxPRO+LASERxB1+1T2019,video,425,Week 4: The Four Principles of Dynamic Work Design (2.5 hrs),34,175,1188.5496f,2455.2188f
5d290f75e44b4bdb8256c600debbb44d,MITxPRO+LASERxB1+1T2019,html,426,Week 4: The Four Principles of Dynamic Work Design (2.5 hrs),6,11,1413.8568f,2702.572f
1edfe48746384344b51260b2bb74d95b,MITxPRO+LASERxB1+1T2019,html,427,Week 4: The Four Principles of Dynamic Work Design (2.5 hrs),0,0,-451.04108f,996.62225f
24cf8786024543f19b89bc20034e60d7,MITxPRO+LASERxB1+1T2019,html,428,Week 4: The Four Principles of Dynamic Work Design (2.5 hrs),34,248,939.1504f,2723.9395f
f2a73be2f46840b182d7bd095378004e,MITxPRO+LASERxB1+1T2019,video,429,Week 4: The Four Principles of Dynamic Work Design (2.5 hrs),34,172,1037.8231f,2614.8223f
604551fd4266430cb860fef58fa7dd61,MITxPRO+LASERxB1+1T2019,problem,430,Week 4: The Four Principles of Dynamic Work Design (2.5 hrs),33,196,926.2956f,2578.111f
dce46f8904594a62a6377a3587aaa663,MITxPRO+LASERxB1+1T2019,video,431,Week 4: The Four Principles of Dynamic Work Design (2.5 hrs),34,264,908.1415f,2892.1833f
9b9d0a249052413c869753b99682b0ac,MITxPRO+LASERxB1+1T2019,problem,432,Week 4: The Four Principles of Dynamic Work Design (2.5 hrs),32,136,786.4773f,2932.7253f
061c175cc90f45fbad883025394e78dd,MITxPRO+LASERxB1+1T2019,problem,433,Week 4: The Four Principles of Dynamic Work Design (2.5 hrs),32,182,842.9495f,3022.6438f
66ada10dde9f43018588f1ced9d477fc,MITxPRO+LASERxB1+1T2019,html,434,Week 4: The Four Principles of Dynamic Work Design (2.5 hrs),34,74,1052.2725f,2957.988f
74a7f8712e5449c2bc0b43c6f90dafed,MITxPRO+LASERxB1+1T2019,problem,435,Week 4: The Four Principles of Dynamic Work Design (2.5 hrs),34,83,978.6563f,3009.849f
bf12c96466d840a69bed7020b3f18bb8,MITxPRO+LASERxB1+1T2019,problem,436,Week 4: The Four Principles of Dynamic Work Design (2.5 hrs),34,95,1099.99f,2857.778f
070600601c4c439288445d2f0724807d,MITxPRO+LASERxB1+1T2019,html,437,Week 4: The Four Principles of Dynamic Work Design (2.5 hrs),34,207,489.72437f,2637.9307f
0b57572af4c84478956a833ba2f019bb,MITxPRO+LASERxB1+1T2019,html,438,Week 4: The Four Principles of Dynamic Work Design (2.5 hrs),0,0,-92.093544f,355.91705f
1823b6de7d334a7aaabc4570719af4d9,MITxPRO+LASERxB1+1T2019,drag-and-drop-v2,439,Week 4: The Four Principles of Dynamic Work Design (2.5 hrs),34,528,377.8633f,2511.423f
0380cd76a7d44bc3a4da1f15e4d68f89,MITxPRO+LASERxB1+1T2019,video,440,Week 4: The Four Principles of Dynamic Work Design (2.5 hrs),34,163,312.47348f,2697.332f
23b7673c8b5443108c2ef09382834a86,MITxPRO+LASERxB1+1T2019,video,441,Week 4: The Four Principles of Dynamic Work Design (2.5 hrs),34,152,204.83427f,2780.7864f
901e92500aea43c79f19f1b279050668,MITxPRO+LASERxB1+1T2019,video,442,Week 4: The Four Principles of Dynamic Work Design (2.5 hrs),34,156,122.70193f,2891.8872f
001339db8ced4cf78829ebe8b145449d,MITxPRO+LASERxB1+1T2019,problem,443,Week 4: The Four Principles of Dynamic Work Design (2.5 hrs),32,249,-12.905849f,2909.4553f
452745e0366e42ae81561bfddebcc6c3,MITxPRO+LASERxB1+1T2019,problem,444,Week 4: The Four Principles of Dynamic Work Design (2.5 hrs),32,128,43.017155f,3001.685f
4660ff2089114e8db82ceb26a4f329e3,MITxPRO+LASERxB1+1T2019,video,445,Week 4: The Four Principles of Dynamic Work Design (2.5 hrs),34,146,185.21082f,3013.5469f
7bd5586eb9d8484eb74a433ee7bfe499,MITxPRO+LASERxB1+1T2019,drag-and-drop-v2,446,Week 4: The Four Principles of Dynamic Work Design (2.5 hrs),33,590,338.3161f,3039.6519f
8a7f26e690f34dda97be16904518ca99,MITxPRO+LASERxB1+1T2019,problem,447,Week 4: The Four Principles of Dynamic Work Design (2.5 hrs),34,86,434.83267f,2904.7144f
a25adff793e24490b14ab8b50ca90a82,MITxPRO+LASERxB1+1T2019,video,448,Week 4: The Four Principles of Dynamic Work Design (2.5 hrs),0,0,-348.0125f,-1039.1332f
b2f0d654738f48158edff28e8d3a546e,MITxPRO+LASERxB1+1T2019,html,449,Week 4: The Four Principles of Dynamic Work Design (2.5 hrs),34,241,546.21906f,2027.4185f
18882a995f104cba9bb65d9bec58d1de,MITxPRO+LASERxB1+1T2019,html,450,Week 4: The Four Principles of Dynamic Work Design (2.5 hrs),0,0,-417.31427f,904.82153f
512364d4619742bb9e4e531f07ceaed7,MITxPRO+LASERxB1+1T2019,html,451,Week 4: The Four Principles of Dynamic Work Design (2.5 hrs),0,0,178.35533f,2258.6592f
9428d8bd9c5a47b2a235b254e5e27ded,MITxPRO+LASERxB1+1T2019,html,452,Week 4: The Four Principles of Dynamic Work Design (2.5 hrs),21,39,782.73267f,1932.466f
f60ee41ec635499abd48168342d32c2f,MITxPRO+LASERxB1+1T2019,openassessment,453,Week 4: The Four Principles of Dynamic Work Design (2.5 hrs),33,2045,591.3644f,1826.7146f
f67fbf45a5f146ed866965bc57c7c001,MITxPRO+LASERxB1+1T2019,problem,454,Week 4: The Four Principles of Dynamic Work Design (2.5 hrs),34,202,545.20575f,1505.4966f
d937afe49bd24a07a550dda1c1155122,MITxPRO+LASERxB1+1T2019,problem,455,Week 4: The Four Principles of Dynamic Work Design (2.5 hrs),34,95,408.97867f,1345.7526f
3628b3f7823443d0912a339096b69943,MITxPRO+LASERxB1+1T2019,problem,456,Week 4: The Four Principles of Dynamic Work Design (2.5 hrs),34,75,372.04697f,1269.9255f
9e049ee647cf43ecbcb5ed792a8e7588,MITxPRO+LASERxB1+1T2019,problem,457,Week 4: The Four Principles of Dynamic Work Design (2.5 hrs),34,72,351.60107f,1195.5354f
5256a214faaf410b93f76cea06428334,MITxPRO+LASERxB1+1T2019,problem,458,Week 4: The Four Principles of Dynamic Work Design (2.5 hrs),34,75,343.51093f,1120.6985f
25c32b120fce40fa9b6c85133aeb4716,MITxPRO+LASERxB1+1T2019,problem,459,Week 4: The Four Principles of Dynamic Work Design (2.5 hrs),34,119,344.22745f,1032.5049f
11bc14f2204949008b7d511b933363c1,MITxPRO+LASERxB1+1T2019,problem,460,Week 4: The Four Principles of Dynamic Work Design (2.5 hrs),34,113,380.63568f,921.556f
42de338840a34d15adb66e7b14fb9d2c,MITxPRO+LASERxB1+1T2019,problem,461,Week 4: The Four Principles of Dynamic Work Design (2.5 hrs),34,96,478.38116f,852.85065f
9da37c6210b1416b8079c274f70bf600,MITxPRO+LASERxB1+1T2019,problem,462,Week 4: The Four Principles of Dynamic Work Design (2.5 hrs),34,110,572.2727f,924.4645f
519119f1deac45ff9ab4f13529be5c6e,MITxPRO+LASERxB1+1T2019,problem,463,Week 4: The Four Principles of Dynamic Work Design (2.5 hrs),34,96,597.904f,1039.6627f
c5df9f40ec14463b9dcfdc73df3e9285,MITxPRO+LASERxB1+1T2019,lti_consumer,464,Week 4: The Four Principles of Dynamic Work Design (2.5 hrs),34,254,692.3046f,1345.123f
83d42d95cd844fc093fc09cee250edb8,MITxPRO+LASERxB1+1T2019,video,465,Week 4: The Four Principles of Dynamic Work Design (2.5 hrs),30,212,836.1864f,1253.3983f
7e20f8b8dbef4748ba3bd5df1fc7bed1,MITxPRO+LASERxB1+1T2019,problem,466,Saleha's Playspace,0,0,253.64107f,249.74692f
203ad1369adc463dacb9927b912dd2b9,MITxPRO+LASERxB1+1T2019,problem,467,Saleha's Playspace,0,0,1043.173f,-686.80334f
87331a0e161946c7837117598d1d2958,MITxPRO+LASERxB1+1T2019,problem,468,Saleha's Playspace,0,0,1092.6581f,-508.39645f
79a795dbdc644bb5a065d2c9b2bfd499,MITxPRO+LASERxB1+1T2019,problem,469,Saleha's Playspace,0,0,-380.511f,835.46356f
4d10e81bc1a34270baaa14851bb3267b,MITxPRO+LASERxB1+1T2019,problem,470,Saleha's Playspace,0,0,-455.57538f,1080.5527f
e480a5b467db4ed0a41eda04dfcf6abe,MITxPRO+LASERxB1+1T2019,openassessment,471,Saleha's Playspace,0,0,-444.93875f,963.1821f
88172a7cb8334a1a96d27a64ff45de27,MITxPRO+LASERxB1+1T2019,drag-and-drop-v2,472,Saleha's Playspace,0,0,1015.5871f,-754.93744f
b36798163c3f4236bd7939a21cc8cdc7,MITxPRO+LASERxB1+1T2019,drag-and-drop-v2,473,Debugging,0,0,1014.09515f,-312.22122f
7063da5bb3274612ade4644d4156adf1,MITxPRO+LASERxB1+1T2019,drag-and-drop-v2,474,Debugging,0,0,978.3948f,-788.43567f
a0adf066ca9f4a1aa22ae4e80eb2f0d3,MITxPRO+LASERxB1+1T2019,problem,475,Debugging,0,0,-298.13382f,-1084.1028f
Marker1,MITxPRO+LASERxB1+1T2019,non,499,n,10,100,-3164.438f,-3141.8738f
Marker2,MITxPRO+LASERxB1+1T2019,non,500,n,10,100,-3164.438f,3039.6519f
